country,abc.net.au,abcnews.go.com,adweek.com,alarabiya.net,alternet.org,bbc.co.uk,bdnews24.com,bloomberg.com,boingboing.net,breitbart.com,businessweek.com,cbc.ca,cbsnews.com,chicagotribune.com,chron.com,cnbc.com,"cnn.com,money.cnn.com,ireport.cnn.com",commondreams.org,dailycurrant.com,digitalspy.co.uk,dnaindia.com,drudgereport.com,dw.de,economist.com,eonline.com,espn.go.com,ew.com,examiner.com,forbes.com,foxnews.com,ft.com,gawker.com,good.is,guardianlv.com,hindustantimes.com,hollywoodreporter.com,huffingtonpost.com,indianexpress.com,ksl.com,latimes.com,mediabistro.com,msn.foxsports.com,nationalgeographic.com,nbcnews.com,ndtv.com,"news.com.au,heraldsun.com.au","news.sky.com,sky.com",newsmax.com,newyorker.com,npr.org,nypost.com,nytimes.com,online.wsj.com,pbs.org,rawstory.com,rd.com,rollingstone.com,rte.ie,salon.com,sfgate.com,smh.com.au,spiegel.de,sportsillustrated.cnn.com,theatlantic.com,theglobeandmail.com,theguardian.com,thehindu.com,theweek.com,time.com,"timesofindia.indiatimes.com,economictimes.indiatimes.com,navbharattimes.indiatimes.com",tmz.com,townhall.com,tvguide.com,usatoday.com,usnews.com,variety.com,washingtonpost.com,wired.com,worldnetdaily.com
AND,0,0,0,0,0,0,0,0,0,0,0,0,0,0,0,0,0,0,0,0,0,0,0,0,0,0,0,0,0,0,0,0,0,0,0,0,0,0,0,0,0,0,0,0,0,0,0,0,0,0,0,0,0,0,0,0,0,0,0,0,0,0,0,1,0,0,0,0,0,0,0,0,0,0,0,0
ARE,10,20,0,54,2,0,0,1,0,1,0,1,1,0,1,2,15,1,0,5,35,0,2,0,7,9,0,6,20,13,0,2,0,1,5,0,6,8,1,0,0,0,1,5,24,0,3,0,1,1,21,14,0,0,0,1,24,0,10,6,0,1,10,37,16,0,0,22,2,0,21,5,6,0,2,2
AFG,14,55,0,6,0,1,0,1,0,7,0,27,11,3,5,1,10,0,0,1,34,14,19,2,0,4,4,6,7,60,0,1,0,7,8,0,19,46,10,0,2,0,8,35,9,4,4,0,19,1,24,16,0,0,0,1,4,5,51,11,0,6,14,33,32,5,0,63,0,2,19,23,3,0,2,6
ATG,0,0,0,0,0,0,0,0,0,0,0,1,1,0,0,0,0,0,0,0,0,0,0,0,1,0,1,0,0,1,0,0,0,0,0,0,0,0,0,0,0,0,0,0,1,0,0,0,0,0,0,0,0,0,0,0,0,0,0,0,0,0,0,1,0,0,0,0,0,0,0,0,0,0,0,0
ALB,6,4,0,0,0,2,0,0,0,0,0,2,0,1,0,0,0,0,0,0,2,0,0,0,1,0,0,5,2,8,0,0,0,5,0,0,0,5,0,0,3,0,0,5,10,0,0,0,0,4,1,1,0,0,0,1,0,0,11,2,0,0,1,2,3,2,0,2,0,0,2,4,0,0,0,0
ARM,2,0,0,0,0,0,0,0,0,0,0,0,0,0,0,0,0,0,0,0,0,0,0,0,0,0,0,0,0,1,0,0,0,0,0,0,0,0,0,0,0,0,0,0,2,0,0,0,0,0,0,0,0,0,0,0,0,0,0,0,0,0,0,0,1,0,0,1,0,0,2,0,0,0,0,0
AGO,13,13,0,3,0,1,0,1,0,3,0,11,0,2,3,2,7,0,0,7,6,5,5,0,0,1,0,0,14,7,0,1,0,2,2,0,5,16,0,0,0,0,5,7,9,2,6,0,5,4,2,13,0,0,0,0,3,3,10,5,0,1,9,11,6,1,0,4,0,0,4,7,0,0,2,4
ATA,2,1,0,0,0,0,0,0,0,1,0,2,0,1,0,1,0,0,0,0,0,0,0,0,0,0,0,2,3,2,0,0,1,2,0,0,0,0,0,0,0,1,0,2,4,0,1,0,1,0,0,0,0,0,0,0,2,1,8,2,0,0,0,0,2,0,0,1,0,0,0,0,3,0,1,0
ARG,2,27,0,1,0,0,0,0,0,1,0,5,1,1,4,3,3,0,0,2,8,1,1,2,1,3,4,2,5,19,0,1,0,1,0,0,3,17,1,0,16,0,6,6,8,0,3,0,2,0,8,19,0,0,0,1,8,1,66,4,0,0,1,25,4,0,0,4,3,0,11,5,24,1,0,1
ASM,3,0,0,0,0,0,0,0,0,0,0,1,0,0,0,0,0,0,0,0,0,0,0,0,0,0,0,0,0,0,0,0,0,0,0,0,0,0,0,0,0,0,0,0,0,0,0,0,0,0,0,0,0,0,0,0,0,0,0,0,0,0,0,0,0,0,0,0,0,0,0,0,0,0,0,0
AUT,2,10,0,1,0,0,0,1,1,3,0,4,2,1,1,2,5,1,0,4,10,1,3,0,1,1,0,4,7,6,0,0,1,6,0,0,1,7,1,0,0,1,2,5,6,0,0,0,6,3,3,21,0,0,0,0,7,0,13,5,0,0,2,16,6,1,0,6,0,0,8,3,1,0,0,5
AUS,2528,82,3,9,4,11,0,2,3,8,0,96,6,18,16,31,34,1,0,68,278,21,18,4,35,13,10,32,67,66,3,8,2,21,61,1,92,52,5,1,5,4,19,154,4760,17,21,0,11,14,37,122,0,1,0,8,109,7,114,2597,0,3,35,468,213,1,1,155,7,1,50,25,20,0,8,10
ABW,0,0,0,0,0,0,0,0,0,0,0,0,0,0,0,0,0,0,0,0,0,0,0,0,0,0,0,0,0,0,0,0,0,1,0,0,0,0,0,0,0,0,0,0,0,0,0,0,0,0,0,0,0,0,0,0,1,0,0,0,0,0,0,0,0,0,0,0,0,0,0,0,0,0,0,0
ALA,0,0,0,0,0,0,0,0,0,0,0,0,0,0,0,0,0,0,0,0,0,0,0,0,0,0,0,0,0,0,0,0,0,0,0,0,0,0,0,0,0,0,0,0,0,0,0,0,0,0,0,0,0,0,0,0,0,0,0,0,0,0,0,0,0,0,0,2,0,0,0,0,0,0,0,0
AZE,0,2,0,0,0,0,0,0,0,0,0,0,0,0,0,0,1,0,0,0,0,1,1,0,0,0,0,0,0,2,0,0,0,1,0,0,1,2,0,0,0,0,0,0,0,0,0,0,0,0,1,0,0,0,0,0,1,0,2,0,0,0,0,3,1,0,0,1,0,0,2,1,0,0,0,0
BIH,0,5,0,0,0,0,0,0,0,0,0,2,0,0,0,0,2,0,0,1,18,0,2,1,0,1,0,0,1,4,0,0,0,2,0,0,6,3,0,0,0,0,0,0,2,0,0,0,0,0,1,1,0,0,0,0,0,0,3,0,0,0,0,4,1,0,0,15,0,0,1,2,0,0,0,0
BRB,0,0,0,0,0,0,0,0,0,2,0,1,0,0,0,0,0,0,0,2,1,1,0,0,3,0,0,0,1,0,0,0,0,1,0,0,1,0,0,0,0,0,0,0,2,0,4,0,0,0,0,0,0,0,0,1,0,1,0,0,0,0,0,0,2,0,0,0,0,0,0,1,0,0,0,3
BGD,9,7,0,0,0,2,0,1,0,1,0,2,0,0,0,0,1,0,0,1,54,0,5,1,0,0,1,0,2,9,0,1,2,5,7,0,27,4,1,0,0,0,0,14,5,0,0,0,4,0,4,5,0,0,0,0,0,0,6,4,0,0,2,5,76,0,1,108,0,0,3,2,0,0,1,0
BEL,2,7,1,1,0,0,0,0,0,0,0,6,2,0,3,2,4,0,0,4,8,2,8,0,0,0,2,2,7,8,2,2,0,1,0,0,1,1,0,0,0,0,4,6,11,1,1,0,5,0,2,22,0,0,0,0,12,1,9,3,0,0,5,22,4,1,0,8,0,0,4,8,2,0,2,1
BFA,3,4,0,0,0,4,0,0,0,0,0,1,0,0,0,1,2,0,0,0,6,0,12,1,0,0,1,0,2,11,0,0,0,0,0,0,2,12,0,0,0,0,0,14,1,0,1,0,1,1,1,3,0,0,0,0,1,0,8,1,0,0,3,4,6,0,0,7,1,0,1,4,0,0,0,0
BGR,2,3,0,0,0,0,0,0,0,0,0,0,0,0,0,0,1,0,0,1,2,0,2,0,0,2,3,2,2,8,0,0,0,0,0,0,2,7,0,0,0,0,1,0,3,1,0,0,0,2,1,3,0,0,0,0,2,0,2,0,0,0,1,2,1,0,0,1,0,1,3,0,0,0,0,0
BHR,0,11,0,1,0,0,0,1,0,0,0,0,0,0,0,1,2,0,0,0,0,0,3,0,0,0,0,0,0,8,0,0,0,0,0,0,1,6,0,0,0,0,0,4,0,0,0,0,0,0,0,4,0,0,0,0,0,0,8,1,0,0,0,2,7,0,0,2,0,0,1,3,0,0,0,0
BDI,0,0,0,0,0,0,0,0,0,0,0,0,0,0,0,0,0,0,0,0,0,0,0,0,0,0,0,0,0,0,0,0,0,0,0,0,1,1,0,0,1,0,0,0,0,0,0,0,0,0,0,0,0,0,0,0,0,0,0,0,0,0,0,0,1,0,0,1,0,0,0,0,0,0,0,0
BEN,0,2,0,0,0,0,0,0,0,0,0,0,0,1,1,0,1,0,0,0,2,0,0,0,0,0,0,0,0,0,0,0,0,0,1,0,3,3,0,0,0,0,2,1,1,0,1,0,0,0,1,0,0,0,0,0,0,1,2,0,0,0,0,0,7,1,0,2,0,0,0,1,0,0,0,1
BMU,2,0,0,0,0,0,0,0,1,0,0,0,0,1,0,0,0,0,0,0,0,0,0,0,0,0,0,0,3,0,0,0,0,0,0,0,0,0,0,0,0,0,0,0,0,0,0,0,0,0,0,0,0,0,0,0,0,0,0,0,0,0,0,1,0,0,0,0,0,0,0,0,0,0,0,0
BRN,0,0,0,0,0,0,0,0,0,0,0,0,0,0,0,0,0,0,0,0,0,2,0,0,0,0,0,0,0,0,0,2,0,0,0,0,0,0,0,0,0,0,0,0,0,0,0,0,0,0,0,0,0,0,0,0,0,1,0,0,0,0,0,0,0,0,0,0,0,0,0,0,2,0,0,0
BOL,0,1,0,1,0,1,0,0,0,0,0,3,0,0,0,0,0,0,0,0,1,0,1,0,1,0,0,0,1,2,0,0,0,0,1,0,0,0,0,0,0,0,0,0,1,0,0,0,2,1,0,0,0,0,0,0,0,0,1,0,0,0,0,5,0,0,0,1,0,0,2,0,3,0,1,0
BES,0,0,0,0,0,0,0,0,0,0,0,0,0,0,0,0,0,0,0,0,0,0,0,0,0,0,0,0,0,0,0,0,0,0,0,0,0,0,0,0,0,0,0,0,0,0,0,0,0,0,0,0,0,0,0,0,0,0,0,0,0,0,0,0,1,0,0,0,0,0,0,0,0,0,0,0
BRA,15,55,9,4,3,0,0,10,5,3,0,25,7,2,15,68,23,0,0,12,33,8,7,5,3,5,12,37,123,36,2,6,2,10,2,0,6,14,5,0,3,2,16,21,31,3,2,2,12,15,13,84,0,0,0,1,21,4,40,14,0,5,31,74,32,3,0,37,1,0,72,22,9,0,19,2
BHS,5,17,0,0,0,0,0,0,0,0,0,3,1,3,2,0,2,0,0,0,7,0,0,0,2,3,2,0,3,7,0,0,0,4,1,0,2,5,1,0,7,0,4,2,6,0,3,0,0,0,4,1,0,0,0,0,0,0,8,1,0,0,1,1,5,0,0,2,3,0,5,3,0,0,0,1
BTN,0,0,0,0,0,0,0,0,0,0,0,0,0,0,0,0,0,0,0,0,9,0,0,0,0,0,0,0,0,0,0,0,0,1,0,0,0,0,0,0,0,0,0,4,0,0,0,0,0,0,0,0,0,0,0,0,0,0,0,0,0,0,0,0,10,0,0,6,0,0,0,0,0,0,0,0
BWA,0,3,0,0,0,0,0,0,0,0,0,0,0,0,0,0,0,0,0,1,1,0,0,0,4,0,1,0,0,3,0,2,0,3,0,0,0,4,0,0,0,0,0,1,1,0,0,0,0,0,0,1,0,0,0,0,1,0,3,0,0,0,0,3,2,0,0,1,0,0,0,2,0,0,1,0
BLR,2,2,0,1,0,0,0,1,0,2,0,0,0,0,0,0,0,0,0,1,0,0,0,0,0,0,0,0,1,0,0,0,0,0,0,0,0,0,0,0,0,0,1,0,0,0,0,0,1,0,1,5,0,0,0,0,0,0,2,3,0,0,0,4,3,0,0,0,0,0,1,0,2,0,0,0
BLZ,0,2,0,0,0,0,0,0,0,0,0,2,1,0,1,0,1,0,0,0,0,0,0,0,0,0,0,0,1,3,0,0,1,1,0,0,0,3,0,0,0,0,2,0,0,0,0,0,0,2,0,0,0,0,0,0,0,0,0,0,0,0,0,0,0,0,0,0,0,0,4,0,0,0,0,0
CAN,13,88,11,3,4,2,0,5,6,7,0,4891,7,56,16,26,24,10,0,20,20,12,2,5,29,87,20,70,58,41,3,9,1,26,2,3,11,31,7,0,27,8,19,23,79,3,21,1,15,20,47,67,0,1,0,7,31,9,112,26,0,11,1914,60,33,5,1,31,7,10,107,28,36,0,10,6
CCK,1,0,0,0,0,0,0,0,0,0,0,3,0,0,0,0,0,0,0,0,0,0,0,0,0,0,0,1,0,0,0,0,0,0,0,0,0,0,0,0,0,0,0,0,0,0,0,0,0,0,0,0,0,0,0,0,0,0,0,0,0,0,0,0,0,0,0,0,0,0,0,0,0,0,0,0
COD,3,8,0,0,0,0,0,0,0,0,0,1,1,0,1,1,3,0,0,0,6,3,9,1,1,1,0,2,3,11,0,0,0,4,0,0,0,8,2,0,0,0,0,10,3,1,1,0,0,2,2,5,0,0,0,0,1,0,8,2,0,0,1,5,6,0,0,6,1,0,2,1,0,0,1,2
CAF,0,5,0,0,0,0,0,0,0,0,0,0,0,0,0,0,0,0,0,0,3,0,1,0,0,0,0,0,0,4,0,0,0,0,0,0,0,3,0,0,0,0,0,0,0,0,0,0,0,0,1,0,0,0,0,0,0,0,3,0,0,0,1,1,4,0,0,1,0,0,0,1,0,0,0,0
COG,0,0,0,0,0,0,0,0,0,0,0,0,0,0,0,0,0,0,0,0,0,0,0,0,0,0,0,0,0,0,0,0,0,0,0,0,1,0,0,0,0,0,0,0,0,0,0,0,0,0,0,0,0,0,0,0,0,0,0,0,0,0,0,0,0,0,0,0,0,0,0,0,0,0,0,0
CHE,13,20,1,0,0,1,0,1,0,1,0,11,0,2,4,7,6,1,0,0,17,4,6,2,1,7,1,5,15,17,0,1,2,6,0,0,16,6,2,0,4,0,1,5,25,2,0,0,3,1,7,26,0,0,0,2,10,0,10,2,0,3,12,24,27,1,0,18,12,0,16,11,0,0,3,4
CIV,1,5,0,1,0,0,0,0,0,0,0,0,0,1,0,1,1,0,0,1,6,0,2,0,1,0,0,2,0,6,0,0,0,1,1,0,3,7,0,0,0,0,3,2,2,1,1,0,2,0,0,1,0,0,0,0,1,0,3,2,0,0,5,7,2,0,2,5,0,0,4,2,0,0,0,0
COK,0,0,0,0,0,0,0,0,0,0,0,0,0,0,0,0,0,0,0,0,2,0,0,0,0,0,0,0,0,0,0,0,0,0,0,0,0,0,0,0,0,0,0,0,0,0,0,0,0,0,0,0,0,0,0,0,0,0,0,0,0,0,0,0,0,0,0,0,0,0,0,0,0,0,0,0
CHL,1,6,0,0,0,1,0,0,0,0,0,2,0,0,1,1,0,0,0,1,3,3,1,1,1,0,1,1,3,3,1,0,1,3,0,0,1,1,0,0,1,3,1,2,5,0,3,0,1,0,0,3,0,0,0,0,2,0,7,1,0,2,5,6,3,2,0,3,0,0,1,1,2,0,1,1
CMR,0,3,0,0,0,0,0,0,1,3,0,0,0,0,0,0,2,0,0,0,5,0,0,0,0,1,0,1,2,0,0,0,0,0,0,0,0,0,0,0,1,0,0,3,12,0,0,0,0,1,1,0,0,0,0,0,0,0,0,6,0,0,0,3,2,0,0,2,0,0,2,0,0,0,0,1
CHN,135,161,7,8,6,4,0,43,8,15,0,69,8,11,15,223,97,3,0,12,128,46,50,27,2,22,4,30,202,123,8,4,2,12,32,1,49,58,2,0,2,3,52,144,120,6,43,1,38,6,78,493,2,1,0,2,38,14,141,195,0,19,131,120,119,13,0,168,2,1,67,73,58,0,17,22
COL,5,25,0,0,0,1,0,0,0,1,0,3,2,0,4,5,3,0,0,1,3,3,5,1,3,2,1,10,11,21,0,3,0,1,1,0,1,20,2,0,2,0,2,6,4,1,2,0,2,0,6,12,0,0,0,0,4,2,37,1,0,0,4,14,3,1,0,3,0,0,7,5,5,0,0,0
CRI,0,2,0,0,0,0,0,1,0,0,0,1,0,1,0,0,0,0,0,0,1,0,0,1,2,0,1,3,0,3,0,0,0,2,0,0,0,0,0,0,0,0,1,0,2,0,0,0,0,0,0,0,0,0,0,0,0,0,0,0,0,1,0,2,0,0,0,0,0,0,0,0,0,0,2,0
CUB,1,17,1,1,0,0,0,0,0,5,0,2,2,3,4,1,5,1,0,3,2,3,3,0,0,6,1,5,6,16,0,1,0,1,0,0,2,18,1,0,4,0,4,5,7,0,3,0,4,3,7,9,0,0,0,0,0,1,21,1,0,1,1,15,7,0,1,5,2,0,10,10,1,0,2,0
CPV,1,1,0,0,0,0,0,0,0,0,0,0,0,1,0,0,0,0,0,0,1,0,2,0,0,0,0,0,0,0,0,0,0,0,0,0,0,0,0,0,0,0,1,0,0,0,0,0,0,0,0,0,0,0,0,0,0,0,0,0,0,0,0,0,0,0,0,1,0,0,0,0,0,0,1,0
CUW,0,0,0,0,0,0,0,0,0,0,0,0,0,1,0,0,0,0,0,0,0,0,0,0,0,0,0,0,0,0,0,0,0,0,0,0,0,0,0,0,0,0,0,0,0,0,0,0,0,0,0,0,0,0,0,0,0,0,0,0,0,0,0,0,0,0,0,0,0,0,0,0,0,0,0,0
CYP,2,6,0,1,0,0,0,0,0,0,0,1,0,0,0,1,1,0,0,0,3,0,2,1,0,0,0,0,1,5,0,0,0,0,0,0,0,4,0,0,0,0,0,0,0,0,0,0,0,0,0,1,0,0,0,0,1,0,2,0,0,0,1,3,4,0,0,0,0,0,2,2,0,0,0,0
CZE,4,14,2,0,0,0,0,0,1,1,0,3,2,0,0,1,1,0,0,0,2,2,3,1,0,3,0,3,2,9,0,0,0,0,0,0,1,7,0,0,3,0,1,1,6,1,0,0,2,1,0,1,0,0,0,0,3,0,6,4,0,1,3,6,4,0,0,1,1,0,5,7,3,0,0,0
DEU,32,98,2,6,1,0,0,6,6,6,0,58,8,14,21,47,25,3,0,12,58,31,296,15,9,9,8,17,27,99,3,14,2,14,4,0,8,51,10,0,4,3,21,48,53,10,26,1,42,16,52,165,0,2,0,3,71,2,101,37,4,7,67,142,48,3,1,31,1,4,81,62,24,0,7,19
DNK,3,8,0,1,0,2,0,0,0,3,0,1,1,1,2,3,1,0,0,3,6,3,2,2,1,0,0,2,4,10,0,1,0,5,1,0,4,5,0,0,0,1,1,6,4,0,6,0,1,0,3,2,2,0,0,1,3,0,11,4,0,1,3,7,4,0,0,4,0,0,2,13,2,1,0,0
DMA,0,0,0,0,0,0,0,0,0,0,0,0,0,1,0,0,0,0,0,0,0,0,0,0,0,0,0,0,0,0,0,0,0,0,0,0,0,0,0,0,0,0,0,0,0,0,0,0,0,0,0,0,0,0,0,0,0,0,0,0,0,0,0,1,0,0,0,0,0,0,0,0,0,0,0,0
DOM,0,2,0,0,0,0,0,0,0,0,0,1,1,4,1,0,1,1,0,0,1,0,0,0,1,5,0,1,4,4,0,0,0,2,0,0,1,6,0,0,1,0,0,0,0,0,0,0,0,0,1,3,0,0,0,0,0,0,5,0,0,0,0,0,1,0,0,1,1,0,0,2,0,0,0,0
DZA,0,3,0,2,0,0,0,0,0,0,0,0,0,0,0,0,0,0,0,0,0,0,0,0,0,0,1,0,1,4,0,1,1,0,0,0,0,1,0,0,0,0,0,1,1,0,0,0,0,1,0,0,0,0,0,0,0,0,2,2,0,0,0,0,0,0,0,0,0,0,0,1,1,0,0,0
ECU,1,1,0,0,0,0,0,1,1,0,0,1,0,0,0,0,0,0,0,0,1,1,1,1,0,0,0,0,2,1,0,1,0,0,0,0,0,1,0,0,0,0,0,2,1,0,0,0,1,0,0,3,0,0,0,0,0,1,1,1,0,0,2,7,9,0,0,1,0,0,0,0,0,0,0,0
EST,1,0,0,0,0,0,0,0,0,0,0,0,0,0,0,1,0,0,0,0,2,0,1,0,0,0,0,0,0,4,1,0,0,0,0,0,0,3,0,0,0,0,1,0,0,1,0,0,0,0,0,2,0,0,0,0,0,0,1,0,0,0,0,1,4,0,0,5,0,0,0,2,1,0,0,0
EGY,21,56,3,70,0,1,0,0,4,3,0,21,4,12,12,0,16,4,0,4,29,17,24,3,2,1,2,4,2,58,0,1,3,12,2,1,4,39,5,0,5,4,1,43,23,6,5,0,13,3,14,13,1,0,0,0,9,3,63,27,0,5,21,43,19,2,1,20,0,0,10,29,2,0,6,5
ERI,0,0,0,0,0,0,0,0,0,0,0,0,0,0,0,0,0,0,0,0,0,0,0,0,0,0,0,0,0,0,0,0,0,1,0,1,0,0,0,0,0,0,0,0,0,0,0,0,0,0,0,0,0,0,0,0,0,1,0,0,0,0,3,0,0,0,0,1,0,0,0,0,0,0,0,0
ESP,9,39,1,4,2,1,0,1,1,2,0,13,2,6,6,17,14,3,0,5,39,3,23,10,2,8,6,8,21,34,0,1,0,7,1,1,10,25,0,0,7,0,6,20,37,5,3,0,18,6,23,50,1,0,0,2,39,2,38,11,0,2,25,99,28,3,0,22,2,2,74,21,16,0,0,5
ETH,1,3,0,0,0,0,0,1,0,0,0,4,0,1,1,0,2,0,0,1,6,1,1,0,0,0,1,0,4,3,0,0,0,2,1,0,2,2,1,0,0,0,0,1,1,1,0,0,0,0,0,2,0,0,0,0,4,1,3,4,0,1,1,4,3,0,0,4,0,1,1,3,0,0,0,0
FIN,1,3,0,1,0,0,0,0,1,0,0,3,0,1,2,2,1,0,0,2,3,5,2,1,0,3,1,0,5,2,0,1,0,1,0,0,1,0,0,0,1,0,1,3,4,0,0,0,1,1,3,7,0,0,0,1,6,0,4,1,0,1,3,7,2,1,0,0,0,0,0,2,1,0,0,0
FJI,19,0,0,0,0,0,0,0,1,0,0,0,0,1,0,0,1,0,0,0,13,1,0,0,0,0,0,0,0,0,0,0,0,1,3,0,1,0,1,0,0,0,0,12,9,0,0,0,0,0,0,0,0,0,0,0,1,0,0,7,0,0,0,8,3,0,0,13,0,0,0,0,0,0,0,0
FSM,0,1,0,0,0,0,0,0,0,1,0,0,0,2,0,0,1,0,0,0,0,1,0,0,0,0,0,1,0,1,0,0,0,0,0,0,0,0,0,0,1,0,1,0,0,0,0,0,0,0,1,0,0,0,0,0,0,0,0,0,0,0,0,0,2,0,0,0,0,0,0,0,0,0,0,0
FRO,0,0,0,0,0,0,0,0,0,0,0,0,0,0,0,0,0,0,0,0,0,0,0,0,0,0,0,0,0,0,0,0,0,0,0,0,1,0,0,0,0,0,0,0,0,0,0,0,0,0,0,0,0,0,0,0,0,0,0,0,0,0,0,2,0,0,0,0,0,0,1,0,0,0,0,0
FRA,42,84,9,15,1,7,0,3,4,17,0,69,8,15,10,32,31,2,0,23,71,20,47,15,32,20,17,24,70,71,7,11,1,19,6,0,21,48,4,0,14,4,12,71,103,6,16,1,16,14,64,92,0,1,0,0,64,6,80,62,1,12,65,173,52,4,0,98,7,3,63,42,43,0,13,6
GAB,0,0,0,1,0,0,0,0,0,0,0,0,0,0,0,0,1,0,0,0,0,0,0,0,0,0,0,0,1,0,0,0,0,0,0,0,0,0,0,0,0,3,0,0,0,0,0,0,0,0,0,0,0,0,0,0,0,0,0,0,0,0,0,2,0,0,0,0,0,0,0,0,0,0,0,0
GBR,152,165,27,37,8,180,0,7,28,114,0,155,42,33,33,142,104,2,0,461,366,123,41,58,81,56,65,95,223,144,36,22,6,97,24,1,61,104,8,0,51,5,34,91,507,61,42,7,61,53,127,272,1,3,0,30,611,24,269,250,2,39,169,2253,134,8,0,161,11,23,177,82,90,0,31,28
GRD,0,0,0,0,0,0,0,0,0,0,0,0,0,0,0,0,0,0,0,0,0,0,0,0,0,0,0,0,0,0,0,0,0,0,0,0,0,0,0,0,0,0,0,0,0,0,0,0,0,0,0,0,0,0,0,0,0,0,0,0,0,0,0,3,0,0,0,0,0,0,0,1,0,0,0,0
GEO,0,0,0,0,0,0,0,0,0,2,0,0,0,0,0,0,1,0,0,0,0,0,1,0,0,0,0,0,0,0,0,0,0,0,0,0,0,0,0,0,0,0,0,1,0,0,0,0,0,0,0,0,0,0,0,0,0,0,1,1,0,0,0,0,0,0,0,3,0,0,0,0,0,0,0,0
GUF,1,2,0,0,0,0,0,0,0,0,0,0,0,0,0,0,0,0,0,0,0,0,0,0,0,0,0,0,0,0,0,0,0,0,0,0,0,0,0,0,0,0,0,1,1,0,0,0,0,0,0,0,0,0,0,0,1,0,0,0,0,0,0,0,1,0,0,0,0,0,0,0,0,0,1,0
GGY,0,0,0,0,0,1,0,0,0,0,0,0,0,0,0,0,0,0,0,0,0,0,0,0,0,0,0,0,0,0,0,0,0,0,0,0,0,0,0,0,0,0,0,0,1,0,0,0,0,0,0,0,0,0,0,0,0,0,0,0,0,0,0,2,0,0,0,0,0,0,0,0,0,0,0,0
GHA,44,2,0,0,0,0,0,0,0,0,0,0,0,0,1,0,0,0,0,0,2,1,3,1,2,0,4,0,1,3,0,0,0,2,0,0,0,4,0,0,0,0,1,1,72,0,0,0,0,1,0,1,0,0,0,1,1,1,3,5,0,1,1,5,4,1,0,1,0,0,3,2,0,0,0,0
GIB,0,0,0,0,0,0,0,0,0,0,0,0,0,0,0,0,0,0,0,0,0,0,0,0,0,0,0,0,0,0,0,0,0,0,0,0,0,0,0,0,0,0,0,0,1,0,0,0,0,0,0,0,0,0,0,0,1,0,0,0,0,0,0,0,1,0,0,1,0,0,4,0,0,0,0,0
GRL,0,2,0,0,0,0,0,0,0,0,0,2,0,0,0,0,0,0,0,0,0,0,0,0,0,0,0,0,2,1,0,0,0,1,0,0,0,0,0,0,0,0,0,0,0,0,0,0,1,0,0,1,0,0,0,0,0,0,3,0,0,0,1,0,1,0,0,0,0,0,0,0,0,0,0,0
GMB,0,3,0,0,0,0,0,0,0,0,0,1,0,0,1,0,0,0,0,0,0,2,0,0,0,0,0,1,1,3,0,0,0,0,0,0,0,3,0,0,0,0,0,0,2,0,1,0,0,0,0,1,0,0,0,0,0,1,2,0,0,0,1,0,0,0,0,2,0,0,0,1,0,0,0,0
GIN,3,9,1,6,0,1,0,1,1,2,0,4,3,1,4,2,4,0,0,1,8,2,6,1,0,0,1,0,4,4,2,0,0,0,2,0,2,9,0,0,0,0,0,14,0,0,3,0,6,0,1,5,0,0,0,0,3,1,9,5,0,0,0,7,5,0,0,6,0,0,3,6,0,0,0,4
GLP,0,0,0,0,0,0,0,0,0,0,0,1,0,0,0,0,0,0,0,0,0,0,0,0,0,0,0,0,0,0,0,0,0,0,0,0,0,0,0,0,0,0,0,0,0,0,0,0,0,0,0,0,0,0,0,0,0,0,0,0,0,0,0,0,1,0,0,0,0,0,1,0,0,0,0,0
GNQ,1,0,0,1,0,0,0,0,0,0,0,0,0,0,0,0,0,0,0,0,0,0,0,0,0,0,0,0,0,0,0,0,0,0,0,0,0,0,0,0,0,0,0,0,0,0,0,0,0,0,0,0,0,0,0,0,1,0,0,0,0,0,0,1,0,0,0,0,0,0,1,0,0,0,0,0
GRC,3,29,0,0,2,0,0,1,0,1,0,3,1,1,5,10,4,0,0,3,14,3,15,2,1,1,1,6,12,21,0,0,0,2,1,0,8,19,0,0,0,1,4,10,9,0,1,0,3,1,9,25,0,0,0,1,11,1,26,5,1,2,12,33,9,1,0,11,0,0,13,10,1,0,0,2
GTM,0,3,0,0,0,0,0,0,0,0,0,0,0,0,0,0,1,0,0,0,0,0,0,0,0,2,0,1,2,3,0,0,0,0,0,0,0,1,0,0,0,0,0,0,3,0,0,0,0,0,0,0,0,0,0,0,1,0,3,0,0,0,0,2,0,0,0,0,0,0,0,0,0,0,0,1
GUM,1,0,0,0,0,0,0,0,0,0,0,0,0,0,1,0,0,0,0,0,0,0,0,0,0,0,0,0,1,0,0,0,0,0,0,0,1,2,0,0,0,0,0,0,0,0,0,0,0,0,1,0,0,0,0,0,0,0,7,0,0,0,0,1,0,0,0,0,0,0,0,0,0,0,0,0
GNB,0,0,0,0,0,0,0,0,0,0,0,0,0,0,0,0,0,0,0,0,0,0,0,0,0,0,0,0,0,0,0,0,0,0,0,0,0,0,0,0,0,0,0,1,0,0,0,0,0,0,0,0,0,0,0,0,0,0,0,0,0,0,0,0,2,0,0,1,0,0,0,0,0,0,0,0
GUY,0,1,0,0,0,0,0,0,0,0,0,2,0,0,0,0,0,0,0,0,0,1,0,1,0,2,0,1,3,0,0,0,0,0,0,1,0,1,0,0,3,0,0,0,1,0,0,0,2,0,2,0,0,0,0,0,0,0,5,0,0,0,0,0,1,0,0,1,0,0,1,0,0,0,0,0
HKG,73,29,0,1,0,5,0,1,0,1,0,25,2,2,0,17,25,0,0,2,28,3,17,0,2,0,1,5,16,33,0,2,0,7,5,0,10,24,4,0,0,0,11,20,108,7,2,0,11,4,15,153,0,0,0,2,11,0,41,78,0,1,26,36,30,2,1,32,1,0,18,11,11,0,1,3
HND,2,9,0,1,0,0,0,0,0,0,0,0,0,1,0,0,2,0,0,0,0,0,1,0,3,0,1,0,0,8,0,1,0,1,0,0,0,8,0,0,0,0,1,6,2,1,3,0,0,1,0,0,0,0,0,0,1,0,8,1,0,0,4,3,1,0,0,1,0,0,3,4,0,0,2,2
HRV,2,2,0,0,0,0,0,0,0,0,0,1,0,0,0,0,1,0,0,0,10,0,0,0,0,0,0,0,0,1,0,0,0,0,0,0,2,1,0,0,0,0,0,0,2,0,0,0,0,0,0,0,0,0,0,0,0,0,0,2,0,0,1,7,3,0,0,5,0,0,8,2,1,0,0,0
HTI,0,8,0,0,1,0,0,0,0,0,0,0,0,0,0,0,0,0,0,0,1,0,0,0,0,0,1,2,0,8,0,0,0,6,1,0,0,7,0,0,0,0,1,2,1,0,0,0,1,0,1,0,0,0,0,0,1,0,11,0,1,1,4,0,0,0,0,0,0,0,1,2,0,0,0,0
HUN,1,6,0,0,0,0,0,0,0,0,0,2,0,0,0,1,2,0,0,0,4,1,7,2,2,0,0,0,3,3,0,0,0,0,1,0,1,3,0,0,0,0,0,3,1,0,0,0,2,1,0,1,0,0,0,1,0,0,5,4,0,1,0,9,0,0,0,1,0,1,2,4,5,0,0,1
IDN,29,14,0,6,0,0,0,0,1,0,0,2,0,1,0,14,6,1,0,2,14,2,6,1,0,0,0,1,4,10,0,0,1,3,4,0,6,10,0,0,0,0,0,11,32,2,0,0,2,0,2,20,0,0,0,0,1,0,9,39,0,1,5,18,22,0,0,19,0,0,7,1,1,0,0,0
IRL,21,9,0,0,0,5,0,0,0,1,0,5,0,3,3,21,6,1,0,5,2,4,1,4,3,0,2,1,9,10,1,1,0,6,0,0,0,6,1,0,1,0,2,4,58,2,2,0,3,2,5,16,0,0,0,3,730,0,12,42,0,1,7,73,7,1,0,2,1,0,14,5,1,0,1,1
ISR,23,88,1,48,6,0,0,2,0,16,0,26,3,10,2,2,39,6,0,1,44,64,31,6,0,0,2,15,7,80,0,3,1,15,6,0,7,63,6,0,0,0,15,49,11,10,43,3,17,5,22,42,0,0,0,0,11,7,82,35,0,11,35,66,22,4,2,37,1,0,24,44,4,1,2,58
IMN,0,0,0,0,0,0,0,0,0,0,0,0,0,0,0,0,0,0,0,0,0,0,0,0,0,0,0,0,0,0,0,0,0,0,0,0,0,1,0,0,0,0,0,0,0,0,0,0,0,0,0,0,0,0,0,0,0,0,0,0,0,0,0,0,0,0,0,0,0,0,0,0,0,0,0,0
IND,53,46,0,6,1,5,0,7,2,4,0,15,1,4,12,42,24,1,0,39,4720,7,23,10,4,1,7,17,59,46,1,5,1,17,518,0,1367,29,2,0,0,2,9,1434,74,4,5,0,20,2,29,81,0,0,1,3,12,8,54,65,0,6,21,113,7038,3,0,7598,0,2,23,17,17,0,5,6
IRQ,39,83,0,68,7,3,0,2,0,31,0,36,14,13,5,7,28,8,0,0,60,32,22,3,0,0,3,13,12,102,2,8,1,13,14,0,13,60,7,0,1,1,16,68,25,14,44,1,32,3,15,34,3,0,0,0,7,9,83,52,1,13,43,61,41,10,4,52,0,0,23,33,2,1,0,25
IRN,12,65,0,37,2,2,0,3,1,10,0,13,16,3,2,13,26,5,0,2,63,36,22,7,1,0,4,4,10,75,0,2,0,6,15,0,24,51,4,0,0,0,9,50,12,6,29,0,22,5,25,67,0,1,0,0,9,4,55,13,1,7,20,57,61,3,2,53,2,1,24,38,3,1,3,16
ISL,0,0,0,0,0,0,0,0,1,0,0,0,0,1,0,2,4,0,0,1,0,1,1,2,0,0,0,1,0,1,0,1,0,0,0,0,1,0,0,0,0,1,2,0,1,0,0,0,2,0,3,2,0,0,0,2,1,0,0,1,0,0,1,5,0,0,0,0,0,0,1,0,3,0,3,0
ITA,13,28,1,1,1,0,0,3,5,3,0,17,3,6,10,9,9,0,0,4,17,11,19,4,5,2,3,14,21,26,4,3,0,12,1,0,8,10,4,0,9,1,5,13,33,4,6,0,5,4,23,37,0,1,0,5,36,3,35,19,1,1,14,56,29,3,0,32,0,0,39,11,13,0,4,6
JEY,0,0,0,0,0,0,0,0,0,0,0,0,0,0,0,0,0,0,0,1,0,0,0,0,0,0,0,0,1,0,0,0,0,0,0,0,0,0,0,0,0,0,0,0,0,0,0,0,0,0,0,0,0,0,0,0,0,0,0,0,0,0,0,0,0,0,0,0,0,0,0,0,0,0,0,0
JAM,0,2,0,0,0,0,0,0,0,0,0,3,0,0,0,0,6,0,0,0,0,0,0,0,0,0,0,1,3,1,0,1,0,0,0,0,0,1,0,0,0,0,0,0,3,0,0,0,1,1,1,0,0,0,0,0,0,0,9,1,0,0,0,5,5,0,1,2,0,0,3,1,1,0,0,0
JOR,1,6,0,3,1,0,0,0,0,2,0,2,2,0,2,0,1,0,0,2,0,1,1,0,0,1,2,5,1,5,0,1,0,1,0,0,0,10,0,0,4,0,0,4,6,0,1,0,0,3,6,3,0,0,0,0,1,2,8,1,0,0,0,4,2,0,0,0,1,0,3,2,3,0,0,2
JPN,49,78,0,2,0,1,0,4,7,6,0,28,6,6,12,101,30,0,0,18,50,11,21,19,4,27,4,17,70,40,4,1,1,10,8,0,9,10,3,0,5,2,22,40,71,1,17,1,10,5,37,261,0,0,0,3,23,2,77,71,1,8,45,57,51,5,0,53,3,0,32,38,23,0,5,2
KEN,6,9,0,1,1,1,0,1,0,3,0,5,0,5,0,0,10,0,0,1,6,1,11,1,4,3,1,1,9,12,0,5,1,5,2,0,3,11,0,0,0,1,1,4,3,2,2,0,5,1,3,3,0,0,0,0,4,2,9,6,0,1,3,10,6,0,1,8,2,1,5,7,0,0,1,2
KGZ,0,0,0,0,0,0,0,0,0,0,0,0,0,0,0,0,1,0,0,0,0,0,0,0,0,0,0,0,0,0,0,0,0,0,0,0,0,0,0,0,0,0,0,0,0,0,0,0,0,0,0,0,0,0,0,0,0,0,0,1,0,0,2,1,0,0,0,1,0,0,0,0,0,0,0,0
KHM,3,2,0,0,0,0,0,0,1,0,0,1,0,0,0,0,2,0,0,0,0,0,0,1,0,0,0,0,4,5,0,0,0,0,0,0,1,3,0,0,0,0,0,2,4,0,0,0,0,0,0,3,0,0,0,0,0,0,3,6,0,0,0,5,0,0,0,0,0,0,0,0,0,0,0,0
KIR,1,1,0,0,0,0,0,0,0,0,0,0,0,0,0,0,0,0,0,0,0,2,0,0,0,0,0,0,0,0,0,0,0,0,0,0,0,0,0,0,0,1,0,0,0,0,0,0,0,0,0,0,0,0,0,0,0,0,0,0,0,0,0,0,0,0,0,0,0,0,0,0,0,0,0,0
KNA,0,0,0,0,0,0,0,0,0,0,0,0,0,0,0,0,0,0,0,0,0,0,0,0,0,0,0,0,0,0,0,0,0,0,0,0,0,0,0,0,0,0,0,0,0,0,0,0,0,0,0,0,0,0,0,0,0,0,0,0,0,0,0,0,0,0,0,0,0,0,1,0,0,0,0,0
PRK,6,27,0,0,0,0,0,1,0,0,0,9,1,3,0,10,20,0,0,0,7,2,9,0,0,0,0,2,5,27,1,1,0,2,3,0,1,20,0,0,1,0,9,17,6,3,5,0,7,2,5,14,0,0,0,0,4,1,21,9,0,3,4,20,6,1,1,10,2,0,6,4,3,0,0,2
KOR,7,18,1,1,0,0,0,0,0,1,0,13,1,1,2,10,4,0,0,1,27,1,13,1,1,5,0,2,4,20,5,2,0,1,3,0,6,9,0,0,0,0,0,17,10,3,3,0,1,0,3,40,0,0,0,1,10,0,23,6,0,2,17,14,23,0,0,11,0,0,13,6,10,0,0,1
KWT,0,0,0,7,0,0,0,0,0,1,0,3,0,0,0,0,1,0,0,0,3,0,0,1,0,0,0,0,1,0,0,0,0,0,1,0,0,1,0,0,0,0,0,0,2,0,0,0,0,0,0,2,0,0,0,0,0,0,1,1,0,0,0,1,2,0,0,3,0,0,1,1,0,0,0,0
CYM,0,1,0,0,0,0,0,0,0,0,0,0,0,6,2,0,0,0,0,0,0,0,0,0,0,0,0,0,0,0,0,0,0,0,0,0,0,0,0,0,0,0,0,0,0,0,0,0,0,0,0,1,0,0,0,0,0,0,0,0,0,0,0,0,0,0,0,0,0,0,1,0,0,0,0,0
KAZ,3,5,0,0,0,0,0,0,0,0,0,2,1,1,6,0,1,0,0,0,3,0,4,1,0,1,0,0,1,4,0,0,0,1,0,0,3,1,0,0,0,0,1,1,2,0,1,0,0,0,0,1,0,0,0,1,3,0,3,0,0,0,0,8,3,0,0,0,0,0,5,2,0,0,0,0
LAO,2,0,0,0,0,0,0,0,0,0,0,0,0,0,0,0,0,0,0,0,1,0,1,0,0,0,0,0,1,0,0,0,0,0,0,0,0,0,0,0,0,0,0,0,0,0,0,0,0,0,0,1,0,0,0,0,0,0,0,2,0,0,0,1,1,0,0,0,0,0,0,0,0,0,0,0
LBN,2,17,0,15,0,0,0,0,0,1,0,1,0,1,1,0,2,0,0,1,3,0,2,0,0,0,1,1,1,17,0,0,2,1,0,0,0,20,0,0,0,0,0,5,0,0,1,0,3,1,3,3,0,0,0,0,0,1,15,4,0,1,0,5,2,0,0,5,0,0,0,5,1,0,0,2
LCA,0,1,0,0,0,0,0,0,0,0,0,0,0,0,0,0,0,0,0,0,0,1,0,0,0,0,0,0,0,0,0,0,0,0,0,0,0,0,0,0,0,0,0,0,0,0,0,0,0,0,0,0,0,0,0,0,0,0,0,0,0,0,0,0,0,0,0,0,0,0,0,0,0,0,0,0
LIE,0,0,0,0,0,0,0,0,0,0,0,0,0,0,0,0,0,0,0,0,0,0,0,0,0,0,0,0,0,0,0,0,0,0,0,0,0,0,0,0,0,0,0,0,0,0,0,0,0,0,0,0,0,0,0,0,0,0,0,0,0,0,0,1,0,0,0,0,0,0,0,0,0,0,0,0
LKA,4,7,0,0,0,2,0,0,0,0,0,5,0,0,2,0,1,0,0,3,53,0,4,1,0,0,0,0,1,9,0,0,0,1,13,0,9,7,0,0,0,0,0,23,7,0,0,0,0,1,3,1,0,0,0,0,0,0,9,4,0,0,0,14,88,1,0,36,0,0,0,0,0,0,0,0
LBR,8,20,1,2,0,1,0,3,0,1,0,8,2,2,10,2,7,1,0,0,13,10,9,1,0,0,0,2,4,20,2,1,0,3,1,0,3,21,0,0,0,0,8,23,2,1,6,0,25,0,7,9,5,0,0,1,2,2,21,6,1,0,5,9,10,1,0,7,0,0,8,13,1,1,1,5
LSO,0,0,0,0,0,0,0,0,0,0,0,0,0,0,1,0,1,0,0,0,0,0,0,0,1,1,0,0,0,0,0,0,0,0,0,0,0,0,0,0,2,0,0,0,0,0,0,0,0,0,0,0,0,0,0,0,0,0,0,0,0,0,0,0,0,0,0,0,0,0,0,0,0,0,0,0
LTU,0,0,0,0,0,0,0,0,0,0,0,0,0,0,0,0,0,0,0,0,0,0,1,0,0,0,0,0,1,3,0,0,0,0,0,0,0,0,0,0,0,0,0,0,0,0,0,0,0,0,0,0,0,0,0,0,0,0,0,0,0,0,0,2,1,0,0,1,0,0,2,1,0,0,0,0
LUX,2,3,0,0,0,0,0,1,0,0,0,4,0,0,0,3,1,0,0,0,0,1,12,0,0,0,0,0,6,1,0,0,0,0,0,0,0,0,0,0,0,0,1,1,1,0,1,0,0,0,1,6,0,0,0,0,4,0,2,9,3,0,2,23,2,0,0,0,0,0,2,2,2,0,0,0
LVA,0,3,0,0,0,0,0,0,0,0,0,1,0,0,0,1,0,0,0,1,0,0,0,1,0,0,0,1,0,2,0,0,0,0,0,0,0,2,0,0,0,0,0,0,3,0,0,0,0,0,1,1,0,0,0,0,2,0,1,0,0,1,2,3,1,0,0,0,0,0,1,1,1,0,0,0
LBY,1,18,0,19,0,1,0,0,1,6,0,3,1,3,2,0,8,0,0,1,8,4,5,0,0,0,0,3,4,27,0,2,0,3,0,0,3,14,0,0,0,0,1,16,0,0,10,0,4,0,9,5,1,0,0,0,1,1,19,3,1,3,3,8,4,1,1,5,1,0,3,13,0,0,0,4
MAR,2,8,0,14,0,1,0,0,0,0,0,2,0,1,1,1,3,0,0,4,9,1,5,0,5,0,2,1,7,7,0,0,2,0,0,0,3,6,1,0,0,0,0,5,9,0,1,0,1,0,0,2,0,0,0,0,4,0,6,3,0,0,0,12,4,0,0,3,0,0,6,5,0,0,0,0
MCO,2,0,0,0,0,0,0,0,0,0,0,0,0,0,1,0,1,0,0,0,4,0,0,0,1,0,0,1,1,2,0,0,0,1,0,0,1,1,0,0,0,0,0,1,2,0,1,0,0,0,0,0,0,0,0,0,7,1,1,1,0,0,1,0,1,0,0,0,1,0,2,1,0,0,0,0
MDA,0,3,0,0,0,0,0,0,0,0,0,0,0,0,0,0,0,0,0,0,0,0,6,0,0,0,0,0,0,5,0,0,0,1,0,0,0,4,0,0,0,0,0,0,0,0,0,0,0,0,0,3,0,0,0,0,0,0,3,0,0,0,0,2,0,0,0,0,0,0,0,0,0,0,0,0
MNE,0,2,0,0,0,0,0,0,0,0,0,0,0,0,0,0,0,0,0,0,0,0,1,0,0,1,0,0,0,2,0,0,0,0,0,0,0,2,0,0,0,0,0,0,0,0,0,0,0,0,0,0,0,0,0,0,0,0,2,0,0,0,0,0,0,0,0,0,1,0,0,1,0,0,0,0
MAF,0,0,0,0,0,0,0,0,0,0,0,0,0,0,0,0,0,0,0,0,0,0,0,0,0,0,0,0,0,0,0,0,0,0,0,0,0,0,0,0,0,0,0,0,0,0,0,0,0,0,0,0,0,0,0,0,0,0,1,0,0,0,0,0,0,0,0,0,0,0,1,0,0,0,0,0
MDG,2,3,0,0,0,0,0,0,0,4,0,7,2,2,3,0,3,0,0,3,2,0,2,0,0,0,6,11,13,7,0,1,0,3,0,0,1,3,3,0,0,1,1,3,2,0,0,0,1,2,3,5,0,0,0,0,0,1,3,0,0,2,3,2,0,0,0,5,1,0,8,2,16,0,2,0
MHL,0,0,0,0,0,0,0,0,0,0,0,1,0,1,0,0,0,0,0,0,0,0,0,0,0,0,0,0,0,0,0,0,0,0,0,0,0,1,0,0,0,0,0,0,0,0,0,0,0,0,0,0,0,0,0,0,0,0,0,0,0,0,0,0,0,0,0,1,0,0,0,0,0,0,0,0
MKD,0,2,0,0,0,0,0,0,0,0,0,0,0,0,0,0,1,0,0,0,0,0,1,0,0,0,0,0,0,2,0,0,0,0,1,0,0,1,1,0,0,1,0,0,0,0,0,0,0,0,0,0,0,0,0,0,0,0,1,0,0,0,0,1,0,0,0,2,0,0,0,0,0,0,0,0
MLI,4,13,0,2,0,0,0,1,0,1,0,3,0,1,8,0,1,0,0,0,9,3,7,1,0,0,0,0,2,17,0,2,0,1,1,0,0,18,1,0,0,1,0,13,2,1,4,0,2,0,4,3,0,0,0,0,4,1,14,7,0,1,2,2,5,0,0,11,0,0,2,6,0,0,0,2
MMR,11,36,0,0,0,0,0,3,1,0,0,1,0,1,1,3,9,1,0,0,19,0,9,1,0,0,0,0,2,24,0,0,0,1,2,0,0,23,0,0,0,1,2,30,5,0,2,0,7,0,4,17,0,0,0,0,3,0,33,10,0,2,4,8,17,0,0,24,0,0,5,16,0,2,0,1
MNG,0,2,0,0,0,0,0,0,0,0,0,0,0,0,0,1,0,0,0,0,2,0,3,0,0,0,0,0,2,2,0,0,0,0,0,0,0,0,0,0,0,0,1,0,2,0,0,0,0,0,1,0,0,0,0,0,0,0,1,0,0,0,1,1,2,0,0,2,0,0,0,0,0,0,0,0
MAC,1,5,0,0,0,0,0,0,0,0,0,0,1,0,0,4,0,0,0,0,4,0,0,0,0,6,0,6,4,1,0,0,0,0,0,0,5,0,0,0,0,0,0,0,5,0,0,0,1,5,2,5,0,0,0,0,1,0,1,3,0,0,1,1,5,0,0,2,0,0,5,5,1,0,0,0
MNP,0,0,0,0,0,0,0,0,0,0,0,0,0,0,0,0,0,0,0,0,0,0,0,0,0,0,0,0,0,0,0,0,0,0,0,0,0,0,0,0,0,0,0,0,0,0,0,0,0,0,0,0,0,0,0,1,0,0,0,0,0,0,0,0,0,0,0,0,0,0,0,0,0,0,0,0
MTQ,0,0,0,0,0,0,0,0,0,0,0,0,0,0,0,0,0,0,0,0,0,0,0,0,0,0,0,0,0,0,0,0,0,0,0,0,0,0,0,0,0,0,0,0,0,0,0,0,0,0,0,0,0,0,0,0,0,0,0,0,0,0,0,0,0,0,0,0,0,0,0,0,0,0,1,0
MRT,1,0,0,0,0,0,0,0,0,0,0,0,0,0,0,2,1,0,0,0,0,1,0,0,0,0,0,0,2,0,0,0,0,0,1,0,0,0,0,0,0,0,0,0,0,0,0,0,0,0,0,0,0,0,0,0,1,0,0,1,0,0,0,0,0,0,0,0,0,0,0,0,0,0,0,0
MLT,0,1,0,1,0,0,0,0,0,0,0,1,0,1,0,0,0,0,0,1,1,0,0,0,1,0,1,0,2,0,0,0,0,0,0,0,0,0,0,0,0,0,0,0,2,0,2,0,0,0,0,0,0,0,0,0,1,0,1,1,0,2,1,1,0,0,0,0,0,1,1,0,1,0,0,1
MUS,0,0,0,1,0,1,0,0,1,1,0,0,0,0,0,0,0,0,0,0,10,0,0,0,2,0,3,1,0,1,0,1,0,0,0,0,1,0,0,0,0,0,0,1,6,0,0,0,0,1,0,0,0,1,0,0,0,1,0,1,0,1,0,2,10,0,0,6,1,2,1,0,0,0,1,0
MDV,0,0,0,0,0,0,0,0,0,0,0,0,0,0,0,0,0,0,0,0,2,0,0,0,0,0,0,0,0,1,0,0,0,0,2,0,0,0,0,0,0,0,0,0,1,0,0,0,0,0,0,0,0,0,0,0,0,0,0,0,0,0,0,0,3,0,0,2,0,0,0,0,0,0,0,0
MWI,0,1,0,0,0,1,0,0,0,0,0,0,1,0,0,0,0,0,0,0,1,0,0,0,0,0,0,0,1,3,0,0,0,0,0,0,0,2,1,0,0,0,0,0,1,0,0,0,0,1,0,0,0,0,0,0,2,0,2,1,0,0,0,1,1,0,0,2,0,0,1,1,0,0,0,0
MEX,20,68,2,1,2,0,0,6,1,5,0,22,5,17,17,16,24,3,0,5,8,12,17,4,8,10,7,30,31,83,0,5,2,12,0,2,5,52,15,0,11,2,11,27,24,5,12,0,24,4,17,57,0,2,0,0,18,2,68,19,1,5,27,46,9,3,1,17,2,3,46,13,30,0,3,5
MYS,7,12,1,2,0,0,0,0,0,0,0,0,0,1,2,5,2,1,0,1,9,0,1,1,0,4,0,3,3,8,0,1,0,0,3,0,4,4,0,0,6,1,0,11,12,0,1,0,1,0,9,12,0,0,0,0,4,0,15,8,0,0,6,5,27,0,0,22,0,0,6,0,1,0,1,0
MOZ,0,5,0,0,0,0,0,0,0,0,0,1,1,0,1,0,0,0,0,1,1,0,0,0,0,0,0,1,2,4,0,0,0,1,1,0,0,3,0,0,0,3,1,0,1,0,0,0,0,0,0,2,0,0,0,0,0,0,2,0,0,0,0,2,1,0,0,2,0,0,0,3,0,0,0,0
NAM,1,4,0,0,0,0,0,0,0,0,0,0,1,0,0,0,0,0,0,0,0,0,3,0,0,0,0,1,0,4,2,0,0,1,0,0,0,6,0,0,0,0,0,2,4,0,1,0,0,0,1,0,0,0,0,0,0,0,4,1,0,0,0,2,3,0,0,2,0,0,0,2,0,0,0,0
NCL,0,0,0,0,0,0,0,0,0,0,0,0,0,0,0,0,0,0,0,1,0,0,0,0,0,0,0,0,1,0,0,0,0,0,0,0,0,0,0,0,0,0,0,0,0,0,0,0,0,0,0,0,0,0,0,0,0,0,0,0,0,0,0,0,0,0,0,0,0,0,0,0,0,0,0,0
NER,1,1,0,0,0,0,0,0,0,0,0,0,0,0,0,0,0,0,0,0,2,0,0,0,0,0,0,0,0,0,0,0,0,1,0,0,0,0,0,0,0,0,0,2,0,0,0,0,1,0,0,0,0,0,0,0,0,1,0,2,0,0,1,1,1,0,0,5,0,0,0,0,0,0,0,0
NFK,3,0,0,0,0,0,0,0,0,0,0,0,0,0,0,0,0,0,0,0,0,0,0,0,0,0,0,0,0,0,0,0,0,0,0,0,0,0,0,0,0,0,0,0,0,0,0,0,0,0,0,0,0,0,0,0,0,0,0,0,0,0,0,0,0,0,0,0,0,0,0,0,0,0,0,0
NGA,14,31,1,2,1,1,0,0,0,5,0,10,5,4,2,3,18,0,0,0,16,2,20,3,0,0,0,8,6,37,1,2,0,11,9,0,4,31,6,0,0,0,1,35,5,5,6,1,11,3,7,18,0,1,0,0,10,1,35,10,0,2,10,34,17,0,2,29,0,0,13,17,3,0,1,3
NIC,0,2,0,0,0,0,0,0,0,0,0,0,0,0,0,0,0,0,0,0,0,0,0,0,0,0,3,0,0,1,0,0,1,0,0,0,0,0,0,0,0,0,0,1,1,0,0,0,0,0,0,1,0,0,0,0,1,0,2,0,1,0,0,1,0,0,0,0,0,4,0,0,0,0,0,0
NLD,11,21,1,1,2,2,0,1,1,2,0,7,4,1,5,6,9,0,0,0,12,2,16,1,3,7,0,4,13,26,0,2,0,1,1,1,1,16,2,0,8,0,3,4,9,1,4,0,4,2,11,15,2,0,0,0,12,2,34,7,0,5,14,26,16,3,0,7,0,0,16,15,3,1,2,3
NOR,0,6,2,0,0,1,0,0,1,0,0,5,0,0,1,1,3,0,0,3,4,6,1,1,0,2,1,1,5,4,1,1,0,0,1,0,0,2,1,0,0,0,1,6,4,2,1,0,1,1,2,7,0,0,0,0,2,0,2,0,0,1,5,8,6,0,0,8,3,0,2,3,1,0,0,0
NPL,3,9,0,0,0,0,0,0,0,0,0,4,0,0,0,0,2,0,0,4,38,1,1,1,0,0,0,1,0,8,0,0,0,2,25,0,27,3,0,0,0,0,1,34,6,0,0,0,2,1,0,1,0,0,0,0,1,0,7,9,0,1,2,9,53,0,0,74,0,0,3,3,0,0,1,1
NRU,2,2,0,0,0,0,0,0,0,0,0,0,0,0,0,0,0,0,0,0,0,0,0,0,0,0,0,0,0,1,0,0,0,0,0,0,0,1,0,0,0,0,0,1,4,0,0,0,0,0,0,0,0,0,0,0,0,0,0,3,0,0,0,2,2,0,0,0,0,0,0,0,0,0,0,0
NIU,0,0,0,0,0,0,0,0,0,0,0,0,0,0,0,0,0,0,0,0,0,0,0,0,0,0,0,0,0,0,0,0,0,0,0,0,0,0,0,0,0,0,0,0,0,0,1,0,0,0,0,0,0,0,0,0,0,0,0,0,0,0,0,0,0,0,0,0,0,0,0,0,0,0,0,0
NZL,78,16,1,1,1,1,0,0,0,1,0,13,1,6,1,16,7,0,0,15,74,3,3,1,9,6,11,9,9,17,0,2,2,3,12,0,10,8,0,0,1,0,8,14,144,2,3,0,4,3,8,22,0,0,0,3,16,3,23,102,0,2,6,72,38,0,0,42,3,2,11,8,7,0,1,2
OMN,0,1,0,2,0,0,0,0,0,0,0,0,0,0,0,0,1,0,0,0,0,0,0,0,2,0,0,0,0,2,0,0,0,1,0,0,0,0,0,0,0,0,1,1,5,0,0,0,4,0,0,4,0,0,0,0,1,0,1,7,0,0,0,2,4,0,0,2,0,0,2,1,0,0,0,0
PAN,0,2,0,0,0,0,0,0,0,0,0,2,0,0,0,0,0,0,0,0,0,0,0,1,1,0,0,3,0,0,0,0,0,0,0,0,0,0,0,0,0,0,1,0,0,0,0,0,2,0,0,0,0,0,0,0,1,0,0,0,0,0,0,0,1,0,0,0,0,0,2,2,0,0,0,0
PER,3,8,1,0,0,0,0,0,1,0,0,2,1,1,2,1,1,2,0,2,4,1,4,1,2,1,0,3,1,16,0,0,0,3,0,0,1,8,0,0,0,2,1,7,6,0,2,0,2,0,2,8,0,0,0,0,1,3,16,3,0,0,2,8,5,1,0,7,0,0,3,4,0,0,3,1
PYF,0,0,0,0,0,0,0,0,1,0,0,0,0,0,1,0,1,0,0,0,0,0,0,0,0,0,0,0,1,0,0,0,0,0,0,0,0,0,0,0,0,0,0,0,0,0,0,0,0,0,0,0,0,0,0,0,0,0,2,0,0,0,0,0,0,0,0,0,0,0,1,0,0,0,0,0
PNG,24,3,0,0,0,0,0,0,0,0,0,0,0,0,0,0,1,0,0,0,1,0,0,0,1,1,0,1,3,0,0,0,0,0,0,0,0,0,0,0,0,1,0,0,6,0,0,0,0,0,0,1,0,0,0,0,0,0,0,5,0,0,1,2,3,0,0,1,0,0,1,0,0,0,1,0
PHL,11,27,5,2,0,0,0,0,1,4,0,23,3,1,5,9,9,0,0,5,15,1,3,0,8,6,7,21,12,15,0,3,2,4,0,0,9,23,4,0,18,1,3,8,17,2,2,0,3,3,12,22,0,0,1,0,14,3,43,8,0,3,1,19,13,1,0,18,1,4,17,8,1,0,2,2
PAK,32,32,0,8,0,5,1,0,0,3,0,2,0,4,2,0,13,1,0,5,239,7,18,2,0,0,2,2,7,35,0,2,2,3,48,0,91,32,3,0,0,0,5,96,43,9,8,0,9,3,6,17,0,0,0,1,4,1,26,19,0,3,9,44,156,0,1,275,0,0,8,3,1,1,0,8
POL,1,25,0,0,0,0,0,0,1,3,0,5,0,1,1,1,2,0,0,5,5,3,6,2,1,0,2,1,7,28,0,0,0,2,1,0,6,25,1,0,0,0,3,8,4,2,3,0,4,1,3,10,0,0,0,2,7,0,23,4,2,0,2,11,8,0,0,7,1,1,4,7,17,0,0,3
PRI,0,10,0,0,0,0,0,0,0,2,0,1,0,2,2,1,1,0,0,0,0,1,0,0,0,11,0,0,0,10,0,1,0,0,0,0,0,8,0,0,7,0,0,1,1,0,0,0,1,1,2,2,0,0,0,0,2,0,8,0,0,0,1,0,0,0,0,0,0,0,5,0,1,0,0,0
PSE,6,19,0,22,1,0,0,0,0,3,0,7,0,0,1,0,4,2,0,0,7,8,10,0,0,0,0,4,0,19,0,1,0,3,1,0,3,11,0,0,0,0,4,14,1,5,2,0,1,3,3,5,1,0,0,1,2,2,16,10,0,0,5,14,6,0,0,6,0,0,5,2,1,1,0,5
PRT,6,10,0,1,0,1,0,0,0,0,0,2,0,0,2,2,4,0,0,2,5,1,3,3,0,0,3,1,3,14,0,0,0,2,1,0,0,5,2,0,0,0,0,1,7,0,2,0,1,2,4,12,0,0,0,1,5,0,13,4,0,0,4,11,2,0,0,13,0,2,11,5,1,0,1,0
PRY,0,2,0,0,0,0,0,0,0,0,0,0,1,0,1,0,0,0,0,0,0,1,0,0,0,0,0,0,0,3,0,0,0,0,0,0,0,1,0,0,0,0,0,0,1,1,0,0,0,0,0,0,0,0,0,0,0,0,1,2,0,0,0,2,0,0,0,1,0,0,0,2,0,0,0,0
QAT,14,10,1,19,0,0,0,1,0,2,0,5,1,0,2,3,5,1,0,0,19,1,10,1,0,3,0,0,4,14,0,0,0,1,0,0,2,7,4,0,3,0,0,2,22,4,0,0,4,0,3,9,0,0,0,0,10,1,9,10,1,1,8,41,8,0,0,2,0,0,18,9,0,0,0,0
REU,0,0,0,0,0,0,0,0,0,0,0,0,0,0,0,0,0,0,0,0,0,0,0,0,0,0,0,0,0,0,0,0,0,0,0,0,0,0,0,0,0,0,0,0,0,0,0,0,0,0,0,0,0,0,0,0,0,0,0,0,0,0,0,0,0,0,0,0,0,0,0,0,0,0,1,0
ROU,1,14,0,0,0,1,0,0,0,0,0,4,0,1,0,0,0,0,0,0,6,1,20,3,0,0,0,2,2,18,0,0,0,2,0,0,3,15,0,0,0,0,0,3,3,1,0,0,0,0,2,3,0,0,0,0,7,0,9,1,0,0,1,10,4,0,0,3,0,0,2,6,0,0,0,0
SRB,0,10,0,0,0,0,0,0,0,0,0,2,1,0,0,1,1,0,0,0,6,0,6,0,0,0,0,1,0,12,0,0,0,0,0,0,1,9,0,0,0,0,0,0,2,0,1,0,0,0,5,2,0,0,0,0,2,0,11,1,0,0,2,2,3,0,0,1,1,0,5,3,1,0,0,0
RUS,30,65,2,13,1,0,0,8,6,12,0,38,6,7,5,57,30,2,0,9,62,52,47,14,2,9,9,22,36,58,1,2,0,25,6,0,11,40,2,0,7,1,15,46,58,15,32,1,22,5,29,93,0,0,0,1,28,10,64,49,2,9,45,101,57,3,0,47,3,0,45,43,6,0,3,12
RWA,0,0,0,0,0,0,0,0,0,0,0,0,0,0,0,0,2,0,0,0,0,0,6,0,0,0,0,0,0,2,0,0,0,0,0,0,0,0,0,0,0,0,0,0,0,0,0,0,1,1,1,1,1,0,0,0,0,1,0,0,0,0,1,3,0,0,0,0,0,0,0,0,1,0,0,0
SAU,5,13,0,49,0,0,0,0,0,1,0,3,1,0,0,26,3,0,0,1,10,7,3,2,0,0,0,1,7,15,2,1,0,0,1,0,1,8,0,0,0,0,3,5,12,2,2,0,2,2,3,20,0,0,0,0,3,0,13,12,0,0,7,10,13,0,0,11,0,0,0,4,0,0,0,5
SLB,22,0,0,0,0,0,0,0,0,0,0,0,0,0,0,1,0,0,0,0,0,0,0,0,0,0,0,0,0,0,0,0,0,0,2,0,0,0,0,0,0,0,0,0,2,0,0,0,1,0,0,0,0,0,0,0,0,0,0,0,0,0,0,0,2,0,0,0,0,0,0,0,0,0,0,0
SYC,1,0,0,0,0,0,0,0,0,0,0,0,0,0,0,0,1,0,0,0,0,0,0,0,1,0,0,0,0,0,0,0,0,0,0,0,0,0,0,0,0,0,0,2,2,0,0,0,0,0,0,0,0,0,0,0,0,0,0,1,0,0,1,0,1,0,0,0,0,0,0,0,0,0,0,0
SDN,2,6,0,1,0,0,0,0,0,0,0,1,1,0,0,0,2,0,0,0,3,0,1,0,0,0,1,0,0,14,0,0,0,0,1,0,0,5,0,0,0,1,1,4,0,0,0,0,1,0,2,1,0,0,0,0,0,0,5,2,0,0,0,7,1,0,0,3,0,0,0,1,1,0,1,0
SWE,1,16,1,1,0,0,0,0,1,1,0,7,4,3,1,3,5,0,0,1,6,6,1,2,3,3,4,12,11,10,0,1,0,9,1,0,2,2,0,0,3,0,3,1,8,1,4,0,9,6,8,17,0,0,0,1,4,4,10,3,0,3,7,17,5,3,0,2,3,2,11,11,17,0,1,3
SGP,7,5,0,1,0,3,0,1,1,2,0,0,0,0,0,13,2,0,0,0,19,2,1,0,1,1,1,0,12,2,0,1,0,0,2,0,6,1,1,0,1,0,1,6,8,0,0,0,2,0,1,20,0,0,0,0,3,0,1,6,0,0,1,7,44,0,0,28,0,0,5,1,4,0,0,0
SVN,0,2,1,1,0,0,0,0,1,0,0,1,0,0,0,0,0,0,0,1,4,0,3,0,0,1,0,0,0,2,0,0,0,0,0,0,0,1,0,0,2,1,0,0,2,0,1,0,0,0,1,1,0,0,0,0,4,0,1,0,0,0,0,14,1,0,0,0,0,0,4,1,0,0,0,0
SJM,0,0,0,0,0,0,0,0,0,0,0,0,0,0,0,0,0,0,0,0,0,0,0,0,0,0,0,0,0,0,0,0,0,0,0,0,0,0,0,0,0,0,0,0,0,0,0,0,0,0,0,0,0,0,0,0,0,0,0,0,0,0,0,0,1,0,0,0,0,0,0,0,0,0,0,0
SVK,0,1,0,0,0,0,0,0,0,0,0,0,0,0,0,1,0,0,0,0,1,0,2,0,0,0,0,0,0,1,0,0,0,0,0,0,0,1,0,0,1,0,0,0,0,0,0,0,0,0,1,1,0,0,0,0,1,0,2,0,0,0,1,1,3,0,0,0,0,0,1,0,1,0,0,0
SLE,15,18,1,1,0,4,0,0,0,7,1,14,2,2,12,3,9,1,0,0,12,7,11,0,0,0,0,0,4,22,2,2,0,1,1,0,2,25,0,0,0,1,6,23,7,4,11,0,17,0,3,10,0,0,0,0,1,2,15,14,0,1,8,30,4,0,0,8,0,0,11,13,0,0,2,3
SMR,0,0,0,0,0,0,0,0,0,0,0,0,0,0,0,0,0,0,0,0,0,0,0,0,0,0,0,0,0,0,0,0,0,0,0,0,0,0,0,0,0,0,0,0,2,0,0,0,0,0,0,0,0,0,0,0,0,0,0,0,0,1,0,1,0,0,0,0,0,0,0,0,0,0,0,0
SEN,0,2,0,0,0,0,0,0,0,0,0,0,0,0,2,0,2,0,0,0,2,0,0,0,0,0,1,0,2,3,0,0,1,0,0,0,0,6,0,0,0,0,0,2,1,0,0,0,0,0,0,0,0,0,0,0,0,0,5,0,0,0,1,1,2,0,0,2,0,0,0,2,0,0,0,0
SOM,1,4,0,0,1,0,0,0,0,1,0,2,0,0,0,0,1,0,0,0,6,0,0,1,0,0,0,0,2,5,1,0,0,0,0,0,3,4,0,0,0,0,0,0,0,0,0,0,1,1,2,2,0,0,0,0,0,2,6,0,0,0,0,2,4,0,0,3,0,0,1,2,0,0,0,0
SSD,0,3,0,0,0,0,0,0,0,0,0,0,0,0,0,0,1,0,0,2,1,0,4,1,0,0,1,1,0,3,0,0,0,1,0,0,1,4,0,0,0,0,0,3,1,1,0,0,0,0,1,0,0,0,0,0,0,0,1,1,0,0,0,1,3,0,0,2,0,0,0,2,0,0,0,1
STP,0,1,0,0,0,0,0,0,0,0,0,0,0,0,0,0,0,0,0,0,0,0,0,0,0,0,0,0,0,0,0,0,0,0,0,0,0,0,0,0,0,0,0,0,0,0,0,0,0,0,0,0,0,0,0,0,0,0,0,0,0,0,0,0,0,0,0,0,0,0,0,0,0,0,0,0
SLV,0,4,0,0,0,0,0,0,0,2,0,0,0,0,0,0,0,0,0,0,1,0,0,0,0,0,0,0,0,5,0,0,0,0,0,0,0,5,0,0,0,0,0,0,1,0,0,0,0,0,0,0,0,0,0,0,0,0,5,0,0,0,1,2,0,0,0,1,0,0,1,1,0,0,0,1
SYR,21,61,1,45,0,1,0,1,2,23,0,32,6,7,3,1,26,1,0,1,35,17,20,4,0,0,0,10,2,72,0,3,1,5,10,0,11,48,3,0,1,0,4,54,24,10,19,0,17,1,17,25,2,0,0,0,13,3,57,25,1,11,18,51,27,4,0,36,0,0,23,27,0,0,0,12
SWZ,0,0,0,0,0,0,0,1,0,0,0,0,0,0,0,0,0,0,0,0,0,0,0,0,0,0,0,0,0,0,0,0,0,0,0,0,0,0,0,0,0,0,0,0,0,0,0,0,0,0,0,0,0,0,0,0,0,0,0,0,0,0,0,0,0,0,0,0,0,0,0,0,0,0,0,0
TCA,0,0,0,0,0,0,0,0,0,0,0,0,0,0,0,0,0,0,0,0,0,0,0,0,0,0,0,0,1,0,0,0,0,0,0,0,0,0,0,0,0,0,0,0,0,0,0,0,0,0,1,0,0,0,0,0,0,0,0,0,0,0,0,0,0,0,0,0,0,0,0,0,0,0,0,0
TCD,0,0,0,0,0,0,0,0,0,0,0,0,0,0,0,0,0,0,0,0,0,0,1,0,0,0,0,0,0,1,0,0,0,0,0,0,0,0,0,0,0,0,0,0,0,0,0,0,0,0,1,0,0,0,0,0,0,0,0,0,0,0,0,0,3,0,0,1,0,0,0,0,1,0,0,0
ATF,0,0,0,0,0,0,0,0,0,0,0,0,0,0,0,0,0,0,0,0,0,0,0,0,0,0,0,0,1,0,0,0,0,0,0,0,0,0,0,0,0,0,0,0,0,0,0,0,0,0,0,0,0,0,0,0,0,0,0,0,0,0,0,0,0,0,0,0,0,0,0,0,0,0,0,0
TGO,0,2,0,0,0,0,0,0,0,0,0,0,0,0,0,0,0,0,0,0,0,0,0,0,0,0,0,0,0,1,0,0,0,0,0,0,0,1,0,0,0,0,0,1,0,0,0,0,0,0,0,0,0,0,0,0,0,0,0,0,0,0,0,1,0,0,0,1,0,0,0,0,0,0,0,0
THA,15,20,0,0,0,1,0,1,2,2,0,6,1,1,1,2,12,0,0,3,17,0,5,0,2,4,0,1,7,21,1,1,4,3,2,0,8,19,0,0,1,0,2,24,12,1,5,0,5,0,8,21,0,0,1,0,1,0,22,15,0,1,6,17,28,2,0,12,1,0,5,7,4,0,2,1
TJK,0,0,0,0,0,0,0,0,0,0,0,0,0,0,0,0,1,0,0,0,0,0,0,0,0,0,0,0,0,0,0,0,0,0,0,0,0,0,0,0,0,0,0,0,0,0,0,0,0,0,0,0,0,0,0,0,0,0,0,0,0,0,0,0,7,0,0,1,0,0,0,0,1,0,0,0
TKL,0,0,0,0,0,0,0,0,0,0,0,0,0,0,0,0,0,0,0,0,0,0,0,0,0,0,0,0,0,0,0,0,0,0,0,0,0,0,0,0,0,0,0,0,0,0,0,0,0,0,0,0,0,0,0,0,0,0,0,0,0,0,0,1,0,0,0,0,0,0,0,0,0,0,0,0
TLS,3,0,0,0,0,0,0,0,0,0,0,0,0,0,0,0,3,0,0,0,0,0,0,0,0,0,0,0,0,3,0,0,0,0,0,0,0,0,0,0,0,0,0,0,2,0,0,0,0,0,0,0,0,0,0,0,0,0,0,1,0,0,1,0,0,0,0,0,0,0,0,0,0,0,0,0
TKM,0,1,0,0,0,0,0,0,0,0,0,0,0,0,0,0,1,0,0,0,0,0,0,0,0,0,0,0,0,0,0,0,0,0,0,0,0,0,0,0,0,0,0,0,1,0,0,0,0,0,0,0,0,0,0,0,0,0,0,0,0,0,0,0,0,0,0,2,0,0,0,0,0,0,0,0
TUN,13,20,1,6,0,0,0,2,0,3,0,5,3,4,6,6,10,0,0,7,16,5,13,2,2,1,3,10,30,19,0,0,0,7,1,0,3,13,0,0,0,1,4,13,4,3,4,0,11,0,11,11,0,0,0,1,12,4,16,6,0,3,11,42,16,2,2,12,0,3,3,12,3,0,6,1
TON,7,1,0,0,0,0,0,0,0,0,0,0,0,0,0,0,0,0,0,0,0,0,0,0,0,0,0,0,0,0,0,0,0,0,0,0,0,1,0,0,0,0,0,0,1,0,0,0,0,0,0,0,0,0,0,0,0,0,0,0,0,0,0,2,0,0,0,0,1,0,0,0,0,0,0,0
TUR,7,47,1,25,3,1,1,2,3,9,0,10,15,16,4,16,21,1,0,12,12,9,21,2,4,7,6,23,13,41,0,5,1,19,5,0,7,26,7,0,0,0,17,20,10,3,6,0,10,11,20,29,0,0,0,1,11,2,59,14,0,7,9,43,13,7,0,19,2,1,32,25,5,0,2,8
TTO,0,1,0,0,0,0,0,0,0,0,0,0,0,0,0,0,0,0,0,0,1,0,0,0,0,0,1,0,0,1,1,0,0,0,0,0,0,2,0,0,0,0,0,0,1,0,0,0,0,0,0,0,0,0,0,0,0,0,0,0,0,0,1,1,1,0,0,2,0,0,0,0,0,0,0,0
TUV,0,0,0,0,0,0,0,0,0,0,0,0,0,0,0,0,0,0,0,0,0,0,0,0,0,0,0,0,0,0,0,0,0,0,0,0,0,0,0,0,0,0,0,0,0,0,0,0,0,0,0,0,0,0,0,0,0,0,0,0,0,0,0,1,0,0,0,0,0,0,0,0,0,0,0,0
TWN,2,6,0,0,0,0,0,1,1,0,0,4,1,1,0,3,4,0,0,0,5,0,3,1,0,2,0,1,8,1,0,0,0,0,0,0,2,2,1,0,0,0,1,9,1,0,1,0,1,1,7,17,0,0,0,0,0,0,4,4,0,0,4,2,5,0,0,11,0,0,4,4,6,0,0,0
TZA,0,3,0,0,1,0,0,1,0,0,0,2,1,0,1,0,2,0,0,2,0,0,0,2,0,0,0,0,1,2,0,0,1,1,0,0,1,2,0,0,0,2,0,1,1,0,1,0,0,0,2,0,0,0,0,0,0,2,1,2,0,0,2,9,8,0,0,5,0,0,0,1,0,0,0,0
UKR,34,50,0,2,2,3,0,4,1,5,0,21,8,5,0,26,23,1,0,0,30,8,58,13,0,0,0,8,22,51,0,2,0,13,5,1,7,36,1,0,0,0,6,54,24,6,13,0,14,2,14,49,1,0,0,0,16,2,49,53,4,3,32,60,10,2,1,35,0,0,23,27,0,1,0,4
UGA,2,7,0,0,0,0,0,0,0,0,0,1,0,0,1,2,3,0,0,0,3,0,2,0,0,1,0,0,2,7,0,0,1,1,0,0,0,6,0,0,0,0,0,2,1,0,1,0,0,0,1,1,0,0,0,0,0,0,4,4,0,0,1,7,3,0,0,1,0,0,0,4,0,0,0,0
USA,390,4383,193,96,328,36,1,224,144,717,6,1170,757,2116,2110,1259,1517,139,22,411,829,1460,184,150,535,2440,403,1842,2353,2730,35,500,71,912,90,20,176,4165,529,7,2947,67,859,604,1159,231,1681,31,895,999,1922,3309,26,14,9,315,443,744,10482,801,2,470,1207,1574,532,240,59,651,305,185,2693,2346,579,29,214,962
URY,0,5,0,0,0,1,0,0,0,0,0,2,0,0,0,0,1,0,0,0,5,0,2,1,0,0,0,0,0,4,0,0,0,0,0,0,0,2,0,0,0,0,0,2,2,0,1,0,1,0,0,0,0,0,0,0,2,0,3,0,0,0,0,6,1,0,0,2,0,0,2,1,2,0,0,0
UZB,1,0,0,0,0,0,0,0,0,0,0,0,0,0,0,0,1,0,0,0,0,1,0,0,0,0,0,0,0,0,0,0,0,0,2,0,0,0,0,0,0,0,0,0,0,0,0,0,0,0,0,0,0,0,0,0,0,0,0,1,0,0,0,2,1,0,0,0,0,0,0,0,0,0,0,0
VAT,1,12,0,0,1,0,0,0,0,0,0,1,1,0,2,1,2,0,0,0,2,0,1,0,1,0,0,0,0,14,0,0,0,2,0,0,0,7,0,0,0,0,3,8,1,1,4,0,0,0,0,0,0,0,0,0,1,0,10,2,0,0,1,0,1,0,0,0,0,0,1,2,0,0,0,1
VCT,1,1,0,0,0,0,0,0,0,0,0,0,0,0,0,0,0,0,0,0,0,0,0,0,0,0,0,0,0,0,0,0,0,0,0,0,0,0,0,0,0,0,0,0,0,0,0,0,0,0,0,0,0,0,0,0,0,0,0,0,0,0,0,0,0,0,0,0,0,0,0,0,0,0,0,0
VEN,5,20,0,0,0,0,0,1,0,2,0,0,1,0,2,6,2,0,0,1,2,7,2,2,1,0,0,1,2,17,0,0,0,0,0,0,1,12,2,0,0,0,0,2,11,1,0,0,0,2,1,16,0,0,0,0,5,0,19,4,0,0,3,10,4,0,0,6,0,0,5,6,2,0,0,0
VGB,0,1,0,0,0,0,0,0,0,0,0,0,0,0,0,0,0,0,0,0,0,0,0,0,1,0,0,0,0,0,0,0,0,0,0,0,1,1,0,0,1,0,0,1,0,0,0,0,0,1,0,0,0,0,0,0,0,0,0,0,0,0,0,0,0,0,0,0,0,0,0,0,0,0,0,0
VIR,0,0,0,0,0,0,0,0,0,0,0,0,0,0,0,0,0,0,0,0,0,0,0,0,0,0,0,0,0,0,0,0,0,0,0,0,0,4,0,0,6,1,0,0,0,0,0,0,0,0,0,0,0,0,0,0,0,0,1,0,0,0,0,0,0,0,0,0,0,0,0,0,1,0,0,0
VNM,4,7,0,0,2,0,0,0,0,0,0,2,0,5,0,1,4,1,0,2,4,0,6,2,0,0,0,0,7,6,1,1,0,2,0,0,2,3,2,0,0,1,1,4,9,0,3,0,2,0,4,12,0,0,0,0,3,1,6,4,0,1,1,5,2,1,0,6,0,0,2,0,3,0,1,6
VUT,4,0,0,0,0,0,0,0,0,0,0,0,0,0,0,0,0,0,0,0,0,0,0,0,0,0,0,0,1,0,0,0,0,0,0,0,0,0,0,0,0,0,0,0,0,0,0,0,0,0,0,0,0,0,0,0,0,0,0,0,0,0,0,0,0,0,0,0,0,0,0,0,0,0,0,0
WSM,11,0,0,0,0,1,0,0,0,0,0,1,0,0,0,0,0,0,0,0,0,0,0,0,0,0,0,0,0,0,0,0,0,0,0,0,0,0,0,0,0,0,0,0,9,0,0,0,0,0,0,0,0,0,0,0,3,0,0,9,0,0,1,18,0,0,0,0,0,0,0,0,0,0,0,0
YEM,3,18,0,15,0,0,0,0,0,1,0,1,2,0,0,0,6,0,0,0,5,0,7,0,2,0,0,1,2,21,0,0,0,1,1,0,0,19,0,0,0,0,1,16,0,0,2,0,0,1,6,5,0,0,0,0,1,0,15,1,0,1,2,2,7,0,0,1,0,0,1,9,0,0,0,1
ZAF,20,15,1,3,0,2,0,1,1,0,0,5,4,3,3,2,9,0,0,6,44,1,6,1,17,4,5,9,12,14,0,3,0,18,4,0,8,9,1,0,1,1,1,10,62,3,4,0,6,2,8,8,0,0,0,0,26,0,22,44,0,0,6,62,20,0,0,8,1,1,12,8,7,0,0,2
ZMB,0,4,0,0,0,0,0,0,0,0,0,1,0,0,0,0,1,0,0,0,1,0,2,0,0,1,0,0,3,4,0,0,0,0,0,0,0,5,1,0,0,0,0,3,1,0,1,0,0,0,1,1,0,0,0,0,1,0,5,0,0,0,1,2,1,0,0,1,0,0,1,2,0,0,0,0
ZWE,1,6,0,0,0,0,0,0,0,0,0,1,0,0,0,0,4,0,0,0,5,0,0,0,0,3,0,0,0,5,0,0,0,0,0,0,4,11,0,0,3,0,1,2,6,1,2,0,1,1,3,1,0,0,0,1,1,0,10,5,0,0,4,6,7,0,0,0,0,0,1,3,1,0,0,0
