"","HHI.Index","ABW","AFG","AGO","AIA","ALB","ARE","ARG","ARM","ASM","ATA","ATF","ATG","AUS","AUT","AZE","BDI","BEL","BEN","BFA","BGD","BGR","BHR","BHS","BIH","BLM","BLR","BLZ","BMU","BOL","BRA","BRB","BRN","BTN","BWA","CAF","CAN","CCK","CHE","CHL","CHN","CIV","CMR","COD","COG","COK","COL","COM","CRI","CUB","CYM","CYP","CZE","DEU","DJI","DMA","DNK","DOM","DZA","ECU","EGY","ERI","ESH","ESP","EST","ETH","FIN","FJI","FLK","FRA","FSM","GAB","GBR","GEO","GGY","GHA","GIB","GIN","GMB","GNB","GNQ","GRC","GRD","GRL","GTM","GUF","GUM","GUY","HKG","HND","HRV","HTI","HUN","IDN","IMN","IND","IRL","IRN","IRQ","ISL","ISR","ITA","JAM","JEY","JOR","JPN","KAZ","KEN","KGZ","KHM","KIR","KNA","KOR","KWT","LAO","LBN","LBR","LBY","LCA","LIE","LKA","LSO","LTU","LUX","LVA","MAC","MAF","MAR","MCO","MDA","MDG","MDV","MEX","MHL","MKD","MLI","MLT","MMR","MNE","MNG","MNP","MOZ","MRT","MTQ","MUS","MWI","MYS","NAM","NCL","NER","NGA","NIC","NLD","NOR","NPL","NRU","NZL","OMN","PAK","PAN","PER","PHL","PLW","PNG","POL","PRI","PRK","PRT","PRY","PSE","PYF","QAT","ROU","RUS","RWA","SAU","SDN","SEN","SGP","SGS","SHN","SJM","SLB","SLE","SLV","SMR","SOM","SRB","SSD","SUR","SVK","SVN","SWE","SWZ","SYC","SYR","TCA","TCD","TGO","THA","TJK","TKM","TLS","TON","TTO","TUN","TUR","TUV","TWN","TZA","UGA","UKR","URY","USA","UVK","UZB","VAT","VCT","VEN","VGB","VIR","VNM","VUT","WSM","YEM","ZAF","ZMB","ZWE"
"GDP_percent",748,NA,0.04,0.15,NA,0.03,0.313,0.894,0.023,NA,NA,NA,0.002,1.149,0.415,0.118,0.007,0.486,0.019,0.031,0.374,0.121,0.047,NA,0.037,NA,0.171,0.003,NA,0.068,2.786,0.008,NA,0.005,0.039,0.003,1.754,NA,0.427,0.385,15.398,NA,0.061,0.057,NA,NA,0.606,0.001,0.071,NA,NA,0.026,0.329,3.716,0.003,0.001,0.244,0.119,0.328,0.183,0.636,0.005,NA,1.599,0.034,0.14,0.223,0.005,NA,2.619,NA,0.035,2.748,0.032,NA,0.102,NA,0.014,NA,0.002,0.02,0.305,0.002,NA,0.094,NA,NA,0.008,NA,0.045,0.09,0.016,0.228,1.486,NA,5.827,0.217,NA,0.295,0.015,0.315,2.078,0.029,NA,0.046,5.401,0.284,0.092,NA,0.046,0.001,NA,NA,0.178,NA,0.076,0.003,0.081,NA,NA,0.156,0.005,0.078,0.049,0.045,NA,NA,0.206,NA,0.015,0.026,0.004,2.118,0.001,NA,0.021,0.013,NA,0.009,0.02,NA,0.032,0.009,NA,0.024,0.017,0.604,0.02,NA,0.016,0.551,0.032,0.805,0.322,0.048,NA,0.157,0.109,0.661,0.071,0.396,0.525,NA,0.023,0.94,NA,NA,0.281,0.053,NA,NA,0.229,0.328,2.938,0.019,1.077,0.104,0.032,0.401,NA,NA,NA,0.002,0.011,0.055,0.002,NA,0.093,0.017,0.008,NA,0.066,0.456,0.008,0.003,NA,NA,0.032,0.008,0.774,0.022,0.062,0.03,0.001,0.032,0.125,1.35,NA,NA,0.091,0.063,0.387,0.065,19.311,0.016,0.131,NA,NA,0.469,NA,NA,0.414,0.001,0.001,0.071,0.686,0.029,0.012
"percent_population",752,NA,0.36,0.29,NA,0.039,0.13,0.6,0.042,NA,NA,NA,0.0012,0.328,0.12,0.13,0.13,0.16,0.14,0.24,2.13,0.101,0.017,NA,0.053,NA,0.13,0.0049,NA,0.14,2.83,0.004,NA,0.0104,0.028,0.064,0.49,NA,0.11,0.25,19,NA,0.28,0.94,NA,NA,0.66,0.0104,0.065,NA,NA,0.012,0.15,1.13,0.012,0.001,0.079,0.13,0.54,0.22,1.21,0.088,NA,0.65,0.018,1.21,0.076,0.012,NA,0.92,NA,0.023,0.89,0.063,NA,0.34,NA,0.15,NA,0.024,0.023,0.15,0.0014,NA,0.22,NA,NA,0.011,NA,0.12,0.06,0.15,0.14,3.45,NA,17.4,0.064,NA,0.48,0.0045,0.11,0.84,0.038,NA,0.0919,1.77,0.24,0.62,NA,0.21,0.0015,NA,NA,0.043,NA,0.067,0.06,0.087,NA,NA,0.28,0.029,0.041,0.0075,0.028,NA,NA,0.46,NA,0.05,0.3,0.0044,1.67,0.00078,NA,0.21,0.0058,NA,0.0087,0.041,NA,0.33,0.048,NA,0.018,0.23,0.42,0.029,NA,0.24,2.42,0.085,0.24,0.071,0.37,NA,0.063,0.056,2.6,0.048,0.43,1.39,0.00029,0.103,0.54,NA,NA,0.15,0.095,NA,NA,0.03,0.28,2.04,0.15,0.42,0.52,0.18,0.075,NA,NA,NA,0.0081,0.086,0.089,0.00046,NA,0.1,0.16,0.0075,NA,0.029,0.13,0.017,0.0013,0.31,NA,0.18,0.086,0.9,0.11,0.073,0.015,0.0014,0.019,0.15,1.07,0.00016,NA,0.63,0.49,0.6,0.046,4.44,0.025,0.42,NA,NA,0.4,NA,NA,1.25,0.0037,0.0026,0.35,0.74,0.2,0.18
"broadcast",2092,0.004,0.863,0.0455,0.002,0.0337,0.2751,0.2177,0.002,0.004,0.0495,0,0.0059,4.8219,0.0752,0.0119,0.0059,0.1267,0.0139,0.0099,0.1089,0.0455,0.1207,0.0594,0.0337,0,0.0257,0.0059,0.0158,0.0435,0.863,0.0099,0.0139,0,0.0079,0.1524,8.5847,0.0099,0.1643,0.285,1.7478,0.0119,0.0455,0.0831,0.004,0,0.2257,NA,0.0356,0.2316,0,0.0317,0.0574,1.1659,NA,0,0.0574,0.0435,0.0554,0.0317,0.5364,0.002,0.002,0.7324,0.0178,0.0515,0.0792,0.0218,0.002,1.0471,0.004,0.0079,9.9268,0,0.0139,0.0198,0.0178,0.1247,0.0079,0.0178,0.004,0.2534,0,0.0099,0.0198,0.0158,0,0.0495,0.2197,0.0079,0.0435,0.0732,0.0633,0.2296,0.002,3.7035,0.3523,0.4434,0.5166,0.0257,0.6413,0.6671,0.0891,0.0139,0.1069,0.96,0.0277,0.2118,0.002,0.0871,0,0.004,0.9224,0.0455,0.004,0.1623,0.0356,0.2474,0.0099,0.0099,0.1227,0,0.0178,0.0099,0.0317,0.0079,0.004,0.093,0.0475,0.0178,0.0079,0.002,0.5879,0,0.0435,0.0732,0.0257,0.1683,0,0.004,0.0059,0.0059,0.0119,0,0.0099,0.004,0.6591,0.004,0.002,0.0158,0.3306,0.0495,0.2712,0.093,0.2296,0.0099,0.4177,0.0198,0.5879,0.0218,0.0792,0.2969,0,0.0891,0.1425,0.1207,0.2118,0.1108,0.0099,0.1603,0.004,0.0653,0.0812,1.6073,0.1544,0.196,0.0713,0.0317,0.099,0.002,0,0,0.0732,0.0099,0.0198,0.002,0.0435,0.0297,0.1702,0,0.0198,0.0178,0.1227,NA,0.0079,0.7324,0.004,0.0059,0.0079,0.2177,0,0.0059,0.004,0.0079,0.0198,0.1762,0.291,0.002,0.0693,0.0218,0.0693,2.12,0.0238,43.1334,NA,0,0.1267,0.002,0.1841,0,0.0059,0.0673,0,0.004,0.1821,0.5443,0.0119,0.0356
"magazine",3891,0,0.5757,0.064,0,0.0448,0.1919,0.2175,0.0256,0,0.096,0,0.0128,1.369,0.1024,0.0128,0.0064,0.1727,0.0064,0.0064,0.1599,0.0832,0.0576,0.0192,0.0128,0.0064,0.0448,0.0128,0,0.0064,1.6057,0.0064,0,0.0064,0.0064,0.1279,1.6441,0,0.3199,0.2239,2.738,0.0064,0.0192,0.1279,0.0192,0,0.1855,NA,0.0384,0.2303,0,0.032,0.0576,1.2346,NA,0.0064,0.1088,0.0192,0.0576,0.0192,0.339,0,0.0064,0.8508,0.032,0.0448,0.1343,0.0128,0,1.804,0,0,3.9854,0,0,0.0512,0.0064,0.096,0,0.0128,0,0.2303,0,0.0192,0.0256,0.0064,0,0.0256,0.2431,0.0064,0.0384,0.0192,0.0704,0.2047,0,0.9916,0.1919,0.371,0.3838,0.0448,0.7421,0.7996,0.0704,0.0256,0.1215,1.1003,0.032,0.1791,0.0064,0.032,0,0,0.5885,0.0064,0.0064,0.0832,0.0448,0.1599,0,0.0128,0.0192,0.0064,0.0064,0.0192,0.0192,0.0512,0,0.1215,0.0768,0.0128,0.0384,0,0.6717,0,0.0064,0.0448,0,0.0832,0,0.0064,0,0.0256,0.0064,0,0.0384,0.0192,0.3774,0.0064,0.0256,0.0128,0.2687,0.032,0.2687,0.1215,0.2303,0,0.3135,0.0128,0.2175,0.0128,0.0704,0.2559,0,0.0064,0.2303,0.0704,0.1599,0.0896,0.0064,0.1663,0.0128,0.0384,0.1343,1.8552,0.2111,0.1151,0.064,0.0064,0.0896,0,0,0,0.0064,0.0128,0,0,0.0512,0.0128,0.1407,0.0064,0.0256,0.0256,0.435,NA,0,0.4094,0,0.0064,0,0.0768,0,0,0,0,0.0128,0.3263,0.2815,0,0.1088,0.0576,0.1024,1.8232,0.0384,61.9754,NA,0,0.0896,0,0.1471,0,0,0.0832,0.0576,0.0064,0.096,0.371,0.0192,0.032
"newspaper",2004,0.0021,0.5468,0.0389,0.0011,0.0747,0.2965,0.1777,0.0095,0.0032,0.0358,0.0011,0.0042,7.8038,0.0589,0.0158,0.0032,0.1157,0.0242,0.0179,0.3029,0.0231,0.0862,0.0505,0.0557,0,0.0147,0.0021,0.0168,0.0263,0.6331,0.0074,0.0095,0.0137,0.0095,0.0557,2.6573,0,0.1893,0.1693,1.7288,0.021,0.0452,0.0368,0.0053,0.0042,0.1209,NA,0.0231,0.143,0.0084,0.0189,0.0389,0.7887,NA,0.0011,0.0568,0.0168,0.0242,0.0368,0.2829,0,0,0.6362,0.0189,0.0305,0.062,0.0168,0.0011,1.1462,0.0021,0.0011,6.3305,0.0042,0.0011,0.0305,0.0179,0.04,0.0042,0.0032,0.0011,0.163,0,0.0084,0.0074,0.0021,0.0032,0.021,0.285,0.0063,0.0231,0.0168,0.0536,0.2745,0.0011,24.4356,0.1672,0.3975,0.2755,0.0179,0.4259,0.6141,0.0547,0.0021,0.0557,0.8087,0.0252,0.0578,0.0021,0.0452,0.0011,0.0021,0.5374,0.0179,0.0053,0.0484,0.0137,0.0831,0.0011,0.0116,0.2419,0.0042,0.0126,0.0053,0.0158,0.0126,0.0011,0.0473,0.0389,0.0074,0.0179,0.0032,0.3186,0.0084,0.0105,0.0284,0.0095,0.0694,0.0042,0.0126,0.0011,0.0105,0.0042,0,0.0158,0.0074,0.4858,0.0063,0.0021,0.0063,0.164,0.0305,0.1851,0.0652,0.2124,0.0074,0.714,0.0158,1.0968,0.0116,0.0421,0.2345,0,0.0684,0.1104,0.0305,0.1661,0.1125,0.0042,0.101,0.0042,0.0473,0.0337,1.1641,0.0715,0.0957,0.021,0.0105,0.163,0,0.0011,0.0011,0.0389,0.0063,0.0126,0.0021,0.0273,0.0168,0.061,0.0011,0.0137,0.0116,0.1441,NA,0.0032,0.3249,0,0.0053,0,0.1483,0.0095,0.0074,0.0042,0.0095,0.0074,0.122,0.1861,0.0011,0.062,0.02,0.0273,1.3187,0.0126,35.8431,NA,0.0053,0.0904,0.0011,0.1031,0.0011,0,0.0568,0.0032,0.0053,0.0736,0.4974,0.0074,0.0379
"online",4748,0.0133,0.3166,0.0266,0,0.0639,0.141,0.1889,0.008,0.0053,0.0372,0.0027,0.0053,1.3383,0.1224,0.0106,0,0.157,0.0239,0.0027,0.0878,0.0585,0.0372,0.0319,0.0213,0,0.0293,0.0239,0.0133,0.0399,0.8248,0.008,0.0053,0.0027,0.0239,0.0239,1.9796,0.0133,0.1171,0.1756,0.8541,0.0133,0.0213,0.0452,0.0053,0,0.2501,NA,0.0266,0.2208,0.0053,0.0133,0.0585,0.7902,NA,0.0027,0.0772,0.0479,0.016,0.0399,0.3645,0.0053,0.0027,0.5534,0.0027,0.0266,0.0399,0.0053,0,1.1893,0.0053,0,5.6301,0.0053,0.008,0.0239,0.0266,0.0745,0.0027,0,0,0.1463,0.0027,0.0239,0.0293,0.0027,0.0027,0.0399,0.149,0.0266,0.0239,0.0399,0.0506,0.1224,0,0.5188,1.7614,0.3379,0.29,0.0559,0.9286,0.7264,0.0772,0.008,0.0559,0.6412,0.0106,0.3938,0.0027,0.008,0.0053,0,0.2395,0.0053,0.0027,0.0639,0.0053,0.2687,0.0027,0.0053,0.0213,0.0027,0.0106,0.0133,0.0186,0.008,0.008,0.0506,0.0293,0.008,0.016,0.0027,0.5242,0.008,0.0106,0.0213,0.008,0.0372,0,0.0053,0.016,0.0106,0.0133,0.0027,0.0186,0.008,0.3033,0.0106,0,0.0053,0.1144,0.0106,0.2368,0.0745,0.0639,0,0.3273,0.008,0.1596,0.0293,0.0878,0.3219,0.0053,0.0106,0.1623,0.0692,0.1304,0.0931,0.0053,0.0798,0.0027,0.0186,0.0585,1.2958,0.0452,0.1171,0.0186,0.0133,0.0346,0,0.0027,0,0.0239,0.0106,0.0106,0,0.008,0.0266,0.0506,0,0.0027,0.0106,0.2315,NA,0.0027,0.2767,0,0.0027,0,0.1224,0,0.008,0.0027,0.0053,0,0.2075,0.1862,0.0027,0.0372,0.0745,0.0319,1.0723,0.016,68.5345,NA,0.0027,0.1783,0,0.1144,0.008,0.0027,0.0692,0,0.0106,0.0639,0.2767,0.0053,0.0106
"abc.net.au",3297,0,0.8048,0,0,0.1006,0.5366,0.2012,0,0,0.1677,0,0.0335,56.0027,0,0,0,0.2012,0,0,0.2012,0.0671,0.2012,0.0671,0,0,0,0,0,0,0.503,0,0,0,0,0.0335,0.6707,0.0335,0.0335,0.2347,1.7103,0,0.0335,0,0,0,0,NA,0,0.0671,0,0,0,0.8384,NA,0,0.1006,0,0,0,0.6036,0,0,0.3689,0,0.0335,0.0335,0.1341,0,0.2683,0,0,4.5942,0,0,0.0671,0,0.0671,0,0,0,0.1677,0,0,0,0,0,0.0335,0.9725,0,0,0,0,0.8719,0,0.7042,0.0671,0.0335,0.2347,0,0.2683,0.8719,0.0335,0,0.0335,2.1127,0.0335,0.1677,0,0.503,0,0,0.7042,0,0,0.0335,0,0.0671,0,0,0.3353,0,0,0,0.0335,0,0,0,0.1341,0,0,0,0.1006,0,0,0,0,0.1341,0,0,0,0,0,0,0,0,0.939,0,0,0,0.2683,0,0.1677,0.0671,0.1006,0.1341,2.0791,0.0335,0.3353,0,0.0335,0.2347,0,0.8719,0.0335,0,0.1677,0.1341,0,0.1677,0,0.1341,0.1006,0.7378,0.0671,0.1006,0.0335,0,0.1677,0,0,0,0.503,0,0,0,0.0335,0,0.1341,0,0,0.0335,0.0671,NA,0,0.3353,0,0,0.0335,0.1677,0,0,0.0335,0.0335,0,0.0671,0.2347,0,0.0671,0,0.0335,1.1066,0.0335,10.6975,NA,0,0.0335,0,0.0335,0,0,0.2347,0,0.0671,0.1006,1.1402,0,0
"abcnews.go.com",3370,0,0.8403,0.0808,0.0162,0.0162,0.2424,0.3394,0,0,0.0485,0,0.0162,1.1151,0.1293,0,0,0.0808,0.0162,0.0162,0.0485,0.0323,0.2747,0.0646,0.0646,0,0.0323,0,0.0323,0.0646,1.1474,0,0,0,0.0162,0.2909,1.5837,0,0.2586,0.4525,1.7615,0.0485,0.0646,0.1131,0,0,0.5333,NA,0.097,0.4686,0,0.0485,0.0646,1.1959,NA,0,0.0162,0.097,0.097,0.0323,0.7111,0,0,0.6141,0.0323,0.0808,0.1293,0.0162,0,0.9696,0.0323,0.0323,2.3917,0,0,0.0162,0,0.1131,0,0.0323,0,0.4686,0,0.0162,0.0323,0.0162,0,0.0808,0.1293,0.0323,0.0808,0.1131,0.1293,0.2101,0,0.7111,0.097,0.7434,0.808,0.0162,0.9858,0.7757,0.1131,0,0.1778,1.0827,0.1131,0.2262,0,0.1131,0,0.0162,0.8403,0.097,0.0162,0.307,0.0485,0.3717,0.0162,0.0162,0.1293,0,0.0323,0.0162,0.0646,0.0162,0.0162,0.0485,0.0323,0.0323,0.0162,0,1.0827,0,0.0646,0.1454,0.0162,0.4363,0,0.0162,0,0.0162,0.0323,0,0,0,0.5818,0,0,0.0323,0.4525,0.0808,0.501,0.0808,0.2909,0,0.2747,0.0162,0.4363,0.0323,0.1616,0.4686,0,0.0323,0.2586,0.307,0.2262,0.0646,0.0162,0.2586,0,0.0485,0.0808,2.1493,0.1293,0.1616,0.0646,0.0485,0.0485,0,0,0,0.0162,0.0323,0.0323,0.0162,0.0808,0.097,0.2262,0,0.0323,0.0162,0.1616,NA,0.0323,1.0181,0.0162,0.0162,0.0162,0.3717,0,0,0,0,0.0485,0.1454,0.2586,0,0.0485,0.0162,0.097,2.2301,0.0485,57.7085,NA,0,0.2262,0,0.3232,0,0,0.0485,0,0,0.3232,0.5818,0.0323,0.0323
"adweek.com",3901,0,0,0,0,0,0,0.7194,0,0,0.3597,0,0,0.7194,0,0,0,0,0,0,0,0,0,0,0,0,0,0,0,0,3.9568,0,0,0,0,0,2.8777,0,0.3597,0,0.7194,0,0,0,0,0,0.3597,NA,0,0.3597,0,0,0,1.0791,NA,0,0,0,0,0,0.3597,0,0,2.8777,0,0,0,0,0,4.6763,0,0,6.8345,0,0,0,0,0,0,0,0,0.3597,0,0,0.3597,0,0,0,0.3597,0,0,0,0,0,0,0,0,0,0,0,0.3597,0.3597,0,0,0.3597,1.7986,0,0,0,0,0,0,0,0,0,0,0,0,0,0,0,0,0.3597,0,0,0,0,0,0,0,0,0,0.3597,0,0,0,0,0,0,0,0,0,0,0,0,0,0,0,0,0,0,0,0.3597,0,0,0,0.3597,0,0,0,0,0.7194,0,0,0.3597,0,0,0.3597,0,0,0,0,0,2.1583,0,0,0,0,0,0,0,0,0,0,0,0,0,0,0,0,0,0,1.4388,NA,0,0.3597,0,0,0,0.3597,0,0,0,0,0,0,0.7194,0,0,0,0,0,0,61.5108,NA,0,0,0,0,0,0,0.3597,0,0,0,0,0,0
"alarabiya.net",525,0,1.1299,0.1883,0,0,6.403,0,0,0,0,0,0,0.7533,0,0,0,0,0,0,0.1883,0,0.3766,0,0,0,0,0,0.1883,0,1.6949,0,0.1883,0,0,0,0.1883,0,0.565,0.1883,1.5066,0,0,0,0,0,0,NA,0,0.1883,0,0,0,0.7533,NA,0,0,0,0.9416,0,8.2863,0,0,1.6949,0.1883,0.565,0.1883,0,0,1.5066,0,0,5.0847,0,0,0,0,0,0,0,0,0,0,0,0,0,0,0,0,0,0,0,0,0.3766,0,0.565,0,4.7081,3.3898,0,3.2015,0.3766,0,0,0.3766,0.3766,0,0,0,0,0,0,0.1883,0.7533,0,2.2599,0,2.2599,0,0,0,0,0,0,0,0,0,1.1299,0,0,0,0,0.3766,0,0,0,0,0.3766,0,0,0,0.1883,0,0,0,0,0.565,0,0,0,0.1883,0,0,0,0,0,0,0.565,1.3183,0,0,0,0,0,0,0,0.3766,0.3766,0,1.1299,0,1.6949,0,2.6365,0,6.403,0.1883,0,0.1883,0,0,0,0,0,0,0,0,0,0.1883,0,0,0,0,NA,0,8.0979,0,0,0,0,0,0,0,0,0,1.3183,3.5782,0,0,0.1883,0,2.6365,0,13.1827,NA,0,0,0,0,0,0,0,0,0,1.1299,0.1883,0,0
"alternet.org",7055,0,0,0,0,0,0,0,0,0,0,0,0,0,0,0,0,0,0,0,0,0,0,0,0,0,0,0,0,0,0.5376,0,0,0,0,0,2.6882,0,0,0,1.6129,0,0,0,0,0,0,NA,0,0,0,0,0,0,NA,0,0,0,0,0,0.5376,0,0,0,0,0,0,0,0,0.5376,0,0,2.1505,0,0,0,0,0,0,0,0,0,0,0,0,0,0,0,0,0,0,0,0,0,0,0.5376,0,0,0.5376,0,1.0753,0,0,0.5376,0.5376,0,0,0.5376,0,0,0,0,0,0,0,0,0,0.5376,0,0,0,0,0,0,0,0,0,0,0,0,0,0,0.5376,0,0,0,0,0,0,0,0,0,0,0,0,0,0,0,0,0,0,0,0,0,0,0,0.5376,0,0,0,0,0.5376,0,0,0,0,0,0,0,0,0,0,0,0.5376,0,0,0,0,0,0,0,0,0,0,0,0,0,0,0,0,0,0,0,NA,0,0,0,0,0,0,0,0,0,0,0,0.5376,0,0,0,0,0,0,0,83.871,NA,0,0,0,0.5376,0,0,0.5376,0,0,0,0,0,0
"bbc.co.uk",3294,0,0.8572,0.0153,0,0,0.1531,0.1378,0,0,0.0306,0,0,1.9746,0.0612,0.0306,0.0306,0.2449,0,0.0306,0.0765,0.0306,0.199,0.0306,0.0765,0,0.0306,0,0.0306,0.0612,0.9643,0.0153,0.0306,0,0,0.1837,0.9643,0,0.0612,0.2602,1.3623,0,0.0612,0.0918,0,0,0.1684,NA,0.0459,0.1225,0,0.0459,0.0459,0.8266,NA,0,0.0612,0,0.0306,0.0306,0.2602,0,0,0.8419,0.0306,0.0459,0.0765,0.0459,0.0153,1.4388,0,0.0153,55.9008,0,0.0459,0,0.0612,0.1378,0.0153,0.0153,0.0306,0.199,0,0.0153,0.0306,0.0459,0,0.0153,0.2143,0,0,0.0153,0.0459,0.2143,0.0153,1.2705,1.9899,0.3827,0.2908,0.0153,0.5664,0.6429,0.1225,0.0459,0.0612,0.6429,0.0153,0.3521,0.0153,0.0306,0,0,0.5357,0.0459,0,0.0918,0.0306,0.1684,0,0.0153,0.1684,0,0.0153,0.0153,0.0306,0,0,0.0612,0.0765,0,0.0153,0,0.4286,0,0.0153,0.0459,0.0612,0.1378,0,0,0,0.0153,0,0,0.0306,0,0.2908,0,0,0.0459,0.4898,0.0306,0.3368,0.1531,0.1071,0,0.5051,0,0.5357,0.0153,0.1071,0.1071,0,0.0153,0.1225,0,0.0918,0.1378,0,0.0765,0,0.0459,0.0612,1.148,0.199,0.1225,0.0918,0.0306,0.1071,0,0,0,0.0918,0,0.0153,0,0.1071,0,0.2449,0,0,0.0153,0.1531,NA,0,0.7653,0,0.0306,0,0.0765,0,0.0306,0,0,0.0153,0.1225,0.2908,0,0.1225,0,0.0612,1.7144,0.0153,11.9241,NA,0,0.0612,0.0153,0.2602,0,0,0.0306,0,0,0.1225,0.9031,0.0459,0.0765
"bdnews24.com",1003,0,5.8824,0,0,0,0,0,0,0,0,0,0,0,0,0,0,0,0,0,5.8824,0,0,0,0,0,0,0,0,0,0,0,0,0,0,0,0,0,0,11.7647,0,0,0,0,0,0,0,NA,0,0,0,0,0,0,NA,0,0,0,0,0,5.8824,0,0,0,0,0,0,0,0,0,0,0,0,0,0,0,0,0,0,0,0,0,0,0,0,0,0,0,0,0,0,0,0,0,0,5.8824,0,0,0,0,0,0,0,0,0,0,0,0,0,0,0,0,5.8824,0,0,0,0,0,0,0,0,0,0,0,0,0,0,0,0,0,0,0,0,0,0,0,0,0,0,0,0,0,0,0,0,0,0,0,0,0,0,0,0,0,0,0,0,0,11.7647,0,0,0,0,0,0,0,0,0,0,0,0,0,0,5.8824,0,0,0,0,0,0,0,0,0,0,0,0,0,0,0,0,0,0,0,NA,0,0,0,0,0,5.8824,0,0,0,0,0,0,0,0,0,0,0,17.6471,0,11.7647,NA,0,5.8824,0,0,0,0,0,0,0,0,0,0,0
"bloomberg.com",4209,0,0,0,0,0,0,0.2717,0,0,0,0,0,0.2717,0,0.2717,0,0,0,0,0.5435,0,0,0,0,0,0.2717,0.2717,0,0,2.1739,0,0,0,0,0,0.5435,0,0.2717,0,9.7826,0,0,0.2717,0,0,0,NA,0,0,0,0,0,0.5435,NA,0,0.2717,0,0,0.5435,0.2717,0,0,0.5435,0,0,0,0,0,1.087,0,0,2.7174,0,0,0,0,0,0,0,0,0.2717,0,0,0,0,0,0,0.2717,0,0,0,0,0,0,1.9022,0.2717,0.2717,0,0,0,0.5435,0,0,0,1.087,0,0,0,0,0,0,0.2717,0,0,0,0,0,0,0,0,0,0,0,0,0,0,0,0,0,0,0,0.2717,0,0,0,0,0.2717,0,0,0,0,0,0,0,0,0.2717,0,0,0,0,0,0.2717,0.5435,0.5435,0,0.2717,0.2717,0,0,0,0,0,0,0.2717,0.2717,0,0.2717,0,0,0,0,0,2.9891,0,0,0,0,0,0,0,0,0,0,0,0,0,0,0,0,0,0,0,NA,0,0,0,0,0,0,0,0,0,0,0,0.2717,0.5435,0,0,0.2717,0.2717,1.6304,0,63.8587,NA,0,0,0,0.8152,0,0,0,0,0,0,0,0,0
"boingboing.net",3273,0,0,0,0,0,0.6826,0.6826,0,0,0.3413,0,0,1.3652,0,0,0,0,0,0,0,0,0,0,0,0,0.3413,0,0,0,1.3652,0,0,0,0,0,4.0956,0,0,0,1.0239,0,0,0,0,0,0,NA,0,0,0.3413,0.3413,0,2.3891,NA,0,0.3413,0,0,0,0,0,0,0,0,0,0.3413,0,0,1.7065,0,0,11.6041,0,0,0,0,0.3413,0,0,0,0,0,0.6826,0.3413,0,0,0,0,0,0,0,0.3413,1.0239,0,0,0.3413,1.0239,0.3413,0.3413,0,0,0,0,0,1.3652,0,0,0,0,0,0,0,0,0,0,0,0,0,0,0,0,0,0.3413,0.3413,0,0,0,0,0,0,0,0.3413,0.3413,0,0,0,0,0,0,0,0,0,0,0,0,0.3413,0,0,0,0.3413,0,0.3413,0.3413,0.6826,0,0.6826,0,0.6826,0,0,0,0.3413,0,0.6826,0,0.3413,0,0,0,0,0,0,1.0239,0,0,0,0,0,0,0,0,0,0,0,0,0,0,0,0,0,0,0.6826,NA,0,0.6826,0,0,0,0,0,0,0,0,0,0.6826,0.3413,0,0.3413,0,0,1.0239,0,55.6314,NA,0,0,0,0,0,0,0,0,0,0,0,0,0.3413
"breitbart.com",4377,0,0.5919,0,0,0.0395,0.1184,0.0789,0,0,0,0,0,0.9471,0.0789,0,0,0.2368,0,0,0.0789,0,0.0395,0,0.0395,0,0.0789,0,0,0.1184,0.3946,0,0.0395,0,0,0,0.5525,0,0.0789,0.1184,1.026,0,0.0789,0,0,0,0.1579,NA,0,0.2368,0,0,0.1973,0.5919,NA,0,0.0395,0,0,0.0395,0.3157,0,0,0.1184,0,0,0.0395,0,0,0.7498,0,0,8.5241,0,0,0,0.0395,0,0,0,0,0.0395,0,0,0,0,0,0.0789,0.0395,0,0.0395,0,0.0395,0.0395,0,0.2368,0.3157,0.6709,0.513,0,2.4073,0.4736,0,0,0.1184,0.4341,0,0.0395,0,0,0,0,0.1973,0,0,0.0789,0,1.026,0,0,0,0,0.0789,0,0.0789,0,0,0,0,0.0395,0,0,0.5525,0,0,0,0,0,0,0,0,0,0,0,0,0,0.7103,0,0,0.0395,0.2368,0,0.1973,0.0789,0,0,0.0395,0,0.1973,0,0.0395,0.1184,0,0,0.2762,0.0395,0.2762,0,0,0.2368,0,0,0,2.8808,0.0789,0.1184,0,0,0,0,0,0,0.0395,0,0,0,0.0395,0,0,0,0,0,0.0789,NA,0,0.7893,0,0,0,0.0789,0,0,0,0,0,0.0395,0.1579,0,0.0395,0,0.1184,3.236,0,65.3512,NA,0,0.2762,0,0.6314,0,0,0.0789,0,0,0.0789,0.0789,0,0
"businessweek.com",4451,0,0,0,0,0,0,0.2967,0,0,0,0,0,0.2967,0,0.2967,0,0,0,0,0.5935,0,0,0,0,0,0.2967,0.2967,0,0,1.4837,0,0,0,0,0,0.5935,0,0.2967,0,8.9021,0,0,0.2967,0,0,0,NA,0,0,0,0,0,0.5935,NA,0,0.2967,0,0,0.2967,0.2967,0,0,0.2967,0,0,0,0,0,1.1869,0,0,2.3739,0,0,0,0,0,0,0,0,0.2967,0,0,0,0,0,0,0.2967,0,0,0,0,0,0,2.0772,0.2967,0,0,0,0,0.5935,0,0,0,1.1869,0,0,0,0,0,0,0.2967,0,0,0,0,0,0,0,0,0,0,0,0,0,0,0,0,0,0,0,0.2967,0,0,0,0,0.2967,0,0,0,0,0,0,0,0,0.2967,0,0,0,0,0,0.2967,0.5935,0.2967,0,0.2967,0.2967,0,0,0,0,0,0,0.2967,0.2967,0,0.2967,0,0,0,0,0,2.9674,0,0,0,0,0,0,0,0,0,0,0,0,0,0,0,0,0,0,0,NA,0,0,0,0,0,0,0,0,0,0,0,0.2967,0.2967,0,0,0.2967,0,1.7804,0,65.8754,NA,0,0,0,0.8902,0,0,0,0,0,0,0,0,0
"cbc.ca",4808,0,0.3494,0.0349,0,0.0874,0.0699,0.0699,0,0,0.0524,0,0.0175,1.7121,0.0349,0,0.0175,0.0175,0,0,0.0874,0,0.0175,0.0699,0,0,0.0524,0.0175,0,0.0175,0.4542,0.0699,0,0,0,0.0699,67.1209,0.0699,0.1398,0.1398,0.6289,0,0.0175,0.0175,0,0,0.1048,NA,0,0.0524,0,0,0.0175,0.2271,NA,0,0.0175,0.0349,0,0.0349,0.1048,0.0175,0.0175,0.3145,0,0.0175,0.0175,0,0,0.6988,0,0.0175,1.9217,0,0.0349,0,0,0.1398,0,0,0,0,0,0,0.0349,0,0,0,0.2621,0,0.0175,0.1223,0,0.0349,0,0.2096,0.0524,0.0524,0.0524,0.1048,0.0699,0.3843,0.1572,0,0.0175,0.2446,0,0.1223,0,0.0175,0,0,0.297,0,0,0.0175,0.0349,0,0,0.0175,0.0524,0,0,0,0,0,0,0,0.0175,0.0175,0,0,0.1223,0,0,0.0175,0,0,0,0,0,0,0,0,0.0175,0,0.1398,0,0,0,0.1572,0.0175,0.0524,0.2446,0.1398,0.0175,0.2621,0,0.1572,0.0524,0.0874,0.4018,0,0.0524,0,0,0.1048,0.0524,0,0.0349,0,0,0.0349,0.6115,0.1572,0.1747,0.0175,0,0,0,0,0,0.0349,0,0.0175,0,0,0,0.0524,0,0.0175,0,0.0349,NA,0,0.2096,0,0,0,0.0349,0,0,0.0175,0,0,0,0.0874,0.0175,0,0.0349,0.0524,1.2753,0,17.086,NA,0,0.0175,0,0.0524,0,0,0.0175,0,0,0.0349,0.0874,0.0175,0.0175
"cbsnews.com",4985,0,0.7278,0.097,0,0,0.1456,0,0,0,0.0485,0,0,1.9408,0.0485,0,0,0.097,0,0.0485,0.1456,0,0,0.0485,0,0,0,0,0,0,0.9219,0,0,0,0,0.0485,0.9704,0,0.0485,0.4852,1.2615,0,0.097,0.0485,0,0,0.3396,NA,0.0485,0.2426,0,0,0.1456,0.5822,NA,0,0,0.0485,0,0,0.4367,0,0,0.2911,0,0.0485,0,0.0485,0,0.8734,0,0,3.2508,0,0.0485,0,0,0.1456,0,0,0,0.0485,0,0,0.0485,0.0485,0,0.0485,0.097,0,0,0.0485,0,0.3396,0,0.2911,0.097,0.2426,0.4367,0,0.3882,0.7278,0,0,0,1.116,0,0.0485,0,0,0,0,1.116,0,0,0.097,0.0485,0.1941,0,0,0.0485,0,0,0,0,0,0,0,0,0,0,0,0.7278,0,0,0.0485,0,0.0485,0,0,0,0,0,0,0,0,0.8734,0,0,0.0485,0.1941,0.0485,0.1941,0.097,0.2426,0,0.2911,0,0.3882,0,0.0485,0.3396,0,0.0485,0.097,0.0485,0.1456,0.0485,0,0,0,0,0.0485,1.8923,0.097,0.097,0,0,0,0,0,0,0.097,0,0.0485,0,0,0,0.0485,0,0,0,0.097,NA,0,0.5822,0,0,0,0.0485,0,0,0,0,0,0.1941,0.0485,0,0,0.097,0,2.2319,0,70.3542,NA,0,0.2911,0,0.0485,0,0,0,0,0,0.0485,0.3396,0,0
"chicagotribune.com",6782,0,0.5335,0.0381,0,0.0762,0.0762,0.0381,0,0,0,0,0,0.8384,0.0762,0,0,0.0762,0,0,0.0762,0.0381,0,0.0381,0.0381,0,0,0,0.0762,0.0381,0.6098,0,0,0,0,0,1.4482,0,0.1524,0.1905,0.686,0,0,0.1143,0,0,0.2668,NA,0,0.2287,0.1524,0,0,1.0671,NA,0,0,0,0.0381,0.0381,0.1524,0,0,0.2287,0,0,0.0381,0,0,0.686,0.0381,0,1.5244,0,0,0,0,0.0381,0,0,0,0.0381,0,0.0381,0,0,0,0,0,0,0.0762,0,0.0381,0.1143,0,0.2668,0.0762,0.2287,0.0762,0,0.2287,0.343,0,0,0.0762,0.4573,0,0.0381,0,0,0,0,0.3049,0,0,0,0,0.0381,0,0,0,0,0,0,0,0,0,0.0381,0,0,0,0,0.4573,0,0,0,0,0,0,0,0,0,0,0,0,0,0.9146,0,0,0,0.1143,0.0381,0.0381,0,0.1143,0,0.1905,0,0.0381,0,0.0381,0.1524,0,0,0.0381,0,0.1143,0.0381,0,0.0762,0,0,0.0762,0.6479,0,0.1905,0,0,0,0,0,0,0.0381,0,0,0,0,0,0,0,0.0381,0,0.0381,NA,0,0.1905,0,0,0,0.0381,0,0,0,0,0,0,0.2287,0,0,0.0381,0,0.9909,0,82.279,NA,0,0.0381,0,0.0762,0,0,0,0,0,0.0381,0.4573,0,0
"chron.com",7343,0,0.1287,0,0,0,0.3218,0.3218,0,0,0.1287,0,0,0.3861,0,0,0,0.1287,0,0,0,0.0644,0,0,0,0,0,0,0,0,0.5148,0,0,0,0,0,1.1583,0,0.3861,0,0.5148,0,0,0,0,0,0.0644,NA,0,0.0644,0.0644,0,0,0.2574,NA,0,0,0.1287,0,0.0644,0.2574,0,0,0.6435,0,0.1287,0.1287,0,0,0.9653,0,0,1.3514,0,0,0.0644,0.0644,0.1287,0,0,0,0.0644,0,0,0,0,0,0.1287,0,0,0,0,0,0.1287,0,0.1931,0.0644,0,0.1287,0,0.0644,0.3861,0.0644,0,0.1931,0.1287,0,0,0,0,0,0,0.1931,0,0,0,0.0644,0,0,0,0.0644,0,0,0,0,0,0,0,0,0,0,0,0.6435,0,0,0,0,0,0,0,0,0,0,0,0,0,0,0,0,0,0.0644,0,0.3218,0.0644,0,0,0.0644,0,0.0644,0,0.0644,0.1931,0,0,0,0,0,0.0644,0,0.1287,0,0,0,0.4505,0.0644,0.3218,0,0,0.0644,0,0,0,0,0,0,0,0,0.0644,0,0,0,0,0.0644,NA,0,0.1287,0,0,0,0.0644,0,0,0,0,0,0.2574,0.1931,0,0,0.0644,0.1287,0.1931,0,85.6499,NA,0,0.0644,0,0.0644,0,0,0,0,0,0.0644,0,0,0.1287
"cnbc.com",2954,0.0543,0.1087,0,0,0,0.163,0.0543,0,0,0,0,0,1.6304,0,0,0,0.163,0,0,0.1087,0.0543,0,0,0,0,0,0,0,0,2.2826,0,0,0,0,0,0.5435,0,0.163,0.2717,9.0761,0,0,0,0,0,0.0543,NA,0,0.163,0,0.0543,0.1087,0.8152,NA,0,0.1087,0,0.0543,0,0,0,0,0.7609,0,0,0.163,0,0,1.8478,0,0,5.2174,0,0,0,0.0543,0,0,0,0,0.7609,0,0,0,0,0,0.1087,0.4348,0,0.0543,0,0.1087,0.3804,0,1.7935,0.163,0.2174,0.1087,0,0.2174,0.7065,0,0,0,3.0978,0,0,0,0,0,0,0.6522,0,0,0,0,0.2174,0,0,0.0543,0,0,0.0543,0,0,0,0,0,0,0,0,0.3261,0,0,0,0.0543,0,0,0,0,0,0,0,0,0,0.7609,0,0,0,0.1087,0,0.2717,0.1087,0.0543,0,0.2717,0,0,0,0.0543,0.163,0,0,0,0.2174,0.0543,0.2174,0,0,0,0,0,3.6957,0,0,0,0,0.8696,0,0,0,0,0,0,0,0,0,0,0,0.0543,0.0543,0.163,NA,0,0.1087,0,0,0,0.0543,0,0,0,0,0,0.3804,0.4348,0,0.163,0,0,5.2174,0,52.663,NA,0,0,0,0.0543,0,0,0.0543,0,0,0,0.163,0,0
"cnn.com.money.cnn.com.ireport.cnn.com",3582,0,1.1039,0.0381,0,0.0381,0.3807,0.3045,0,0,0.0761,0,0,1.9033,0,0,0,0,0,0,0.0761,0,0.1142,0,0.0381,0,0.0381,0,0,0.0381,0.9897,0,0,0,0.0381,0.1903,0.9136,0,0.2665,0.3807,2.0556,0,0.0381,0.1523,0,0,0.1142,NA,0,0.1523,0,0.0761,0.1142,0.9517,NA,0,0.1142,0.0761,0,0.0381,0.571,0,0,0.7994,0,0.0761,0,0,0,0.9897,0,0,3.9589,0,0.0381,0.0761,0.0761,0.3045,0,0,0,0.2284,0,0.0381,0,0,0,0,0.3426,0.0381,0,0.0381,0,0.3045,0,0.8755,0,0.3426,0.4187,0.1523,0.8375,1.0659,0.0761,0,0.0381,0.9517,0,0.1903,0,0,0,0,1.713,0,0,0.1903,0.0761,0.1523,0,0,0.0761,0,0,0,0,0,0,0,0.1903,0.0381,0,0,0.6852,0,0,0,0.0381,0.0381,0,0,0,0,0,0,0,0,2.0175,0,0,0,0.3426,0.0761,0.1523,0.0381,0.1142,0,0.571,0,0.571,0,0.0761,0.3426,0,0.0381,0.0381,0,0.3045,0.1523,0,0.1903,0,0.1523,0.0381,1.751,0.6091,0.1142,0.0761,0,0.0761,0.0381,0,0,0.0381,0,0,0,0.1142,0.0381,0,0,0,0,0.2665,NA,0.0381,0.6471,0,0,0.0381,0.3045,0,0,0,0.0381,0,0.3426,0.1523,0,0.1142,0.0381,0,1.751,0,59.4214,NA,0,0.1523,0,0.571,0,0,0.3045,0,0,0.4187,0.4949,0,0
"commondreams.org",5147,0.1706,1.0239,0,0,0,0,0.1706,0,0,0,0,0,0.6826,0.1706,0,0,0.1706,0,0,0.6826,0,0,0,0,0,0,0,0,0.1706,0.5119,0,0,0,0,0.1706,2.0478,0,0,0.1706,0.8532,0,0,0,0,0,0.3413,NA,0,0.8532,0,0.1706,0,1.1945,NA,0,0.1706,0,0,0,1.0239,0,0,0.3413,0,0,0,0,0,0.8532,0,0,1.7065,0,0,0,0,0,0,0,0,0.8532,0,0,0,0,0,0,0,0,0,0,0,0,0,0.3413,0,0.3413,1.0239,0,1.5358,0,0.1706,0,0,0.5119,0,0.1706,0,0,0,0,0.1706,0,0,0,0,0,0,0,0,0,0,0,0,0,0,0,0,0,0,0,0,0,0,0,0,0,0,0,0,0,0,0,0,0,0,0,0,0,0.1706,0,0,0.3413,0,0,0.3413,0,0.1706,0,0.1706,0,0,0,0.1706,0,0.1706,0,0,0.5119,0,0,0.1706,0.8532,0,0,0,0,0,0,0,0,0,0.1706,0,0,0,0,0.1706,0,0,0.1706,0.1706,NA,0,0.1706,0,0,0,0,0,0,0,0,0,0,0.1706,0,0.1706,0,0,3.413,0,71.5017,NA,0,0,0,0.3413,0,0,0,0,0,1.3652,0.3413,0,0
"dailycurrant.com",5833,0,0,0,0,0,0,0,0,0,0,0,0,0,0,0,0,0,0,0,0,0,0,0,0,0,0,0,0,0,0,0,0,0,0,0,0,0,0,0,0,0,0,0,0,0,0,NA,0,0,0,0,0,0,NA,0,0,0,0,0,0,0,0,0,0,0,0,0,0,0,0,0,0,0,0,0,0,0,0,0,0,0,0,0,0,0,0,0,0,0,0,0,0,0,0,0,0,0,0,0,0,0,0,0,0,0,0,0,0,0,0,0,0,0,0,0,0,0,0,0,0,0,0,0,0,0,0,0,0,0,0,0,0,0,0,0,0,0,0,0,0,0,0,0,0,0,8.3333,0,0,0,0,0,0,0,0,0,0,0,0,0,0,0,0,0,0,0,0,0,0,0,0,0,0,0,0,0,0,0,0,0,0,0,0,0,0,0,0,0,0,0,0,0,0,NA,0,0,0,0,0,0,0,0,0,0,0,0,8.3333,0,0,0,0,8.3333,0,75,NA,0,0,0,0,0,0,0,0,0,0,0,0,0
"digitalspy.co.uk",2610,0,0.1852,0.0926,0,0,0.3704,0,0,0,0,0,0,3.4259,0,0,0,0.2778,0,0,0,0.0926,0,0,0,0,0,0,0.0926,0,2.1296,0,0,0,0,0.0926,1.3889,0,0.0926,0,0.8333,0,0,0,0,0,0.0926,NA,0,0.0926,0,0,0.0926,0.463,NA,0,0.1852,0.0926,0,0,0,0,0,0.2778,0,0,0,0,0,2.5,0,0,36.0185,0,0,0,0,0,0,0,0,0.1852,0,0,0,0,0,0,0.2778,0,0.0926,0,0.0926,0.2778,0,3.1481,0.463,0.2778,0.2778,0,0.463,0.9259,0.3704,0,0.2778,1.3889,0,0.0926,0,0,0,0,0.2778,0,0,0.0926,0,0,0,0,0,0,0,0,0,0,0,0.0926,0,0,0,0,0.0926,0,0.0926,0,0.0926,0,0,0,0,0,0.1852,0,0.0926,0,0.2778,0.0926,0,0,0,0,0.463,0,0,0,1.0185,0,0.1852,0,0,0.0926,0,0,0.2778,0,0,0.0926,0,0,0,0,0.0926,0.7407,0,0.0926,0.0926,0,0,0,0,0,0,0,0,0,0,0,0,0,0,0,0.3704,NA,0,0.0926,0,0,0,0.463,0,0.1852,0,0.1852,0,0.1852,0.2778,0,0,0.1852,0,0.0926,0,35.6481,NA,0,0,0,0,0,0,0,0,0,0,0.2778,0,0
"dnaindia.com",4258,0,0.7204,0.0294,0,0.0294,0.5881,0.0441,0,0,0,0,0,1.3672,0.0441,0.0147,0.0147,0.0294,0.0147,0.0294,0.5293,0.0147,0.0735,0.1764,0.2058,0,0.0147,0,0,0.0147,0.6763,0.0147,0,0.0294,0,0,0.3381,0,0.2058,0.2205,0.9262,0.1323,0.0441,0.0147,0,0.0294,0.0441,NA,0.0441,0.0441,0,0.0147,0.0294,0.5293,NA,0,0.0441,0,0,0.0294,0.0588,0,0,0.5146,0.0588,0.0441,0.0735,0.0147,0,0.7498,0,0,4.2488,0,0,0,0,0,0.0147,0,0,0.0735,0,0,0,0,0,0.0147,0.1911,0.0147,0.0441,0,0.0588,0.2205,0,64.3634,0.0588,0.5146,0.2352,0,0.0735,0.5146,0.0147,0,0.0294,0.4116,0.0147,0.0441,0,0,0,0,0.294,0.0294,0,0.0441,0,0.0294,0,0.0147,0.4852,0,0.0147,0,0.0147,0,0,0.0588,0.0147,0,0.0147,0.0147,0.1617,0.0147,0.0147,0.0441,0,0.0294,0.0147,0,0,0.0147,0,0,0.0147,0,0.7498,0,0,0,0.1029,0.0441,0.1176,0.0294,0.1176,0,0.544,0.0147,2.8668,0.0294,0.0588,0.1617,0,0,0.0588,0,0.0882,0.147,0,0.0294,0.0147,0.0588,0.0147,1.0732,0.0294,0.0441,0.0147,0,0.2205,0,0,0,0.0588,0,0.0294,0,0.0294,0.0294,0.0294,0,0.0147,0.0147,0.1323,NA,0,0.3087,0,0,0,0.1911,0.0147,0,0,0,0,0.0441,0.1029,0,0.0147,0.0147,0.0441,1.2349,0.0147,8.8356,NA,0,0.0441,0,0.0588,0,0,0.0294,0,0,0.1176,0.5293,0,0.0588
"drudgereport.com",5201,0,0.4437,0,0,0,0.0887,0.1775,0,0,0,0,0,0.8873,0.0887,0,0,0.1775,0,0,0,0,0,0.0887,0,0,0,0,0,0,0.7098,0,0,0,0.0887,0,0.7098,0,0,0.4437,1.331,0,0,0.0887,0,0,0,NA,0,0.3549,0,0,0.0887,0.8873,NA,0,0.0887,0,0,0,0.4437,0,0,0.3549,0,0,0.0887,0,0,0.6211,0,0,4.4366,0,0,0,0,0,0,0,0,0.1775,0,0,0,0,0,0,0.1775,0,0,0.0887,0,0.0887,0,0.1775,0.0887,0.3549,0.8873,0,1.4197,0.5324,0.1775,0,0,0.7986,0,0.0887,0,0,0,0,0.1775,0,0,0,0,0.3549,0,0,0,0,0,0,0,0,0,0,0,0,0,0,0.2662,0,0,0,0,0.0887,0,0,0,0,0,0,0,0,0.6211,0,0,0,0.0887,0,0,0,0.0887,0,0.0887,0,0.0887,0,0,0.2662,0,0,0.0887,0.0887,0,0,0,0.1775,0,0,0,3.1056,0,0.4437,0,0.0887,0,0,0,0,0,0,0,0,0,0,0,0,0,0,0.1775,NA,0,0.2662,0,0,0,0.0887,0,0,0,0,0,0.1775,0.0887,0,0,0,0,2.7507,0.0887,71.7835,NA,0,0.1775,0,0.3549,0,0,0.0887,0,0,0,0.0887,0,0
"dw.de",644,0,2.3377,0,0,0.1299,0.1299,0,0,0,0.1299,0,0,0.7792,0.1299,0,0,0.7792,0,0.1299,0.6494,0.1299,0,0,0,0,0.1299,0,0,0,1.2987,0,0.2597,0,0,0.6494,0.3896,0,0.2597,0.3896,3.1169,0.1299,0.1299,0.3896,0,0,0,NA,0,0,0,0,0,16.6234,NA,0,0.1299,0,0.2597,0,0.7792,0,0,2.0779,0.1299,0.1299,0,0,0,1.9481,0,0,2.0779,0,0,0,0,0.1299,0,0.2597,0,1.2987,0,0,0,0,0,0,0.1299,0,0,0,0.1299,0.1299,0,1.2987,0.1299,0.3896,1.039,0,1.1688,1.039,0,0,0.1299,2.3377,0,0.7792,0,0.2597,0,0,2.4675,0,0,0.1299,0.1299,1.039,0,0,0,0,0.1299,0.1299,0.1299,0,0,0,0,0.1299,0,0,0,0,1.039,0,0.1299,0.5195,0,0,0,0,0,0,0.1299,0.1299,0.5195,0,0,0.1299,0.9091,0,0,0.1299,0.5195,0,0,0,1.039,0,0,0.5195,0,0,0.7792,0,1.039,0.7792,0,0.5195,0,0.2597,0,7.5325,0,0.1299,0.1299,0.1299,0,0,0,0,0.3896,0,0,0,0,0.1299,1.039,0,0,0,0.3896,NA,0,1.8182,0,0,0,0,0,0,0,0,0,0.5195,2.4675,0,0,0.1299,0,11.5584,0,10.1299,NA,0,0.5195,0,0.1299,0,0,0.3896,0,0,0.2597,1.5584,0,0
"economist.com",1268,0,0.5464,0.2732,0,0,0.2732,0.2732,0,0,0,0,0,0.2732,0,0,0.2732,0.2732,0,0,0.2732,0,0,0,0,0,0,0,0,0,2.459,0,0,0,0,0,1.0929,0,0.2732,0.2732,4.6448,0,0,0,0,0,0.2732,NA,0,0.2732,0,0,0,2.1858,NA,0,0,0,0.2732,0,0.8197,0,0,0.8197,0,0,0.8197,0,0,4.3716,0,0,13.1148,0,0,0.2732,0,0,0,0.2732,0,0.8197,0,0,0,0,0,0,0,0.2732,0,0,0.5464,0.5464,0,2.1858,1.0929,0.2732,0.5464,0,1.0929,1.3661,0,0,0.2732,1.0929,0,0.5464,0.2732,0,0,0,0.2732,0,0,0,0,0,0,0.2732,0,0,0,0,0.2732,0,0,0.2732,0,0,0,0,0.8197,0,0,0,0,0.8197,0,0,0,0,0,0,0,0,0,0,0,0,0.8197,0,0.5464,0,0,0,0,0,0.8197,0,0.5464,0.2732,0,0,1.0929,0,0,0.2732,0,0.5464,0,0,0,2.7322,0.2732,0.8197,0.5464,0,0.2732,0,0,0,0,0,0,0,0,0.2732,0,0,0,0.2732,0,NA,0,0.5464,0,0,0,0.2732,0,0,0,0,0,0.5464,1.6393,0,0.2732,0,0.5464,4.6448,0,31.4208,NA,0,0,0,0.2732,0,0,0,0,0,0.2732,0.8197,0.2732,0
"eonline.com",3820,0,0.0906,0.0906,0,0,0.2717,0.0906,0,0,0,0,0,3.442,0,0,0,0.0906,0,0,0.0906,0.3623,0.0906,0.8152,0,0,0,0,0,0,1.087,0,0,0,0.1812,0,2.9891,0,0,0.1812,0.6341,0,0,0,0,0,0.3623,NA,0,0.3623,0,0,0,0.4529,NA,0,0,0.0906,0,0,0,0,0,0.2717,0,0,0,0.1812,0,4.0761,0,0,8.4239,0,0,0,0,0,0,0,0,0,0,0,0,0,0,0,0.6341,0,0.0906,0.2717,0.0906,0,0,0.4529,0.3623,0.1812,0,0,0.1812,0.5435,0.0906,0,0.1812,0.8152,0,1.087,0,0.0906,0,0,0,0,0,0,0,0.1812,0,0,0,0,0,0,0,0,0,0,0,0,0.0906,0,1.6304,0,0,0,0.0906,0,0,0,0,0,0,0,0.0906,0.0906,0.0906,0,0.0906,0,0,0.0906,0.4529,0.0906,0.1812,0,2.2645,0,0,0,0,0.1812,0,0,0,0,0,0,0,0,0.0906,0,0,0.5435,0,0,0,0,0.0906,0,0,0,0,0,0,0,0,0.1812,0,0,0,0,0.0906,NA,0,0,0,0,0,1.6304,0,0,0,0,0,0.1812,0.1812,0,0,0.0906,0.0906,0.0906,0.0906,60.779,NA,0,0,0,0,0,0,0.0906,0,0,0.0906,0.2717,0,0
"espn.go.com",5977,0,0.1172,0,0,0,0.0586,0.5272,0,0,0.0586,0,0,0.5272,0.1172,0.0586,0,0.205,0,0,0,0,0.0586,0,0.0586,0,0.0293,0,0,0,0.7616,0,0,0,0,0,2.1675,0,0.2636,0.0293,0.2929,0,0,0,0.0293,0,0.1465,NA,0,0.1465,0,0,0.0879,1.8746,NA,0,0.0586,0.0586,0,0,0,0,0,2.6069,0,0.0293,0.0293,0,0,0.8787,0,0,5.3017,0,0,0,0,0,0,0,0,0.0586,0,0,0,0,0,0.0879,0,0,0.0586,0,0.0293,0.0293,0,0,0.2343,0,0,0,0.0586,0.908,0.0586,0.0293,0.1465,0.4101,0.0293,0.0293,0,0,0,0,0.0586,0,0,0,0.0293,0,0,0,0,0,0.0293,0,0.0586,0.0293,0,0.4394,0.1465,0,0,0,0.2929,0,0,0,0,0,0,0,0,0,0,0,0,0,0.2343,0,0,0,0.0293,0,0.3515,0,0.0293,0,0.0586,0,0,0,0.0293,0.0586,0,0,0.0879,0.1757,0.0293,0.1757,0,0.0293,0,0.0586,0.2343,0.4101,0,0,0,0,0.0293,0,0,0,0,0,0,0,0,0,0,0,0.0586,0,0.0879,NA,0,0,0,0,0,0.0586,0,0,0,0,0.0293,0.0293,0.1757,0,0.0293,0,0,0.1465,0.0586,77.0064,NA,0,0,0,0.1172,0,0,0,0,0,0,0.3515,0,0
"ew.com",4939,0,0.3419,0,0,0.1709,0.3419,0.1709,0,0,0,0,0,1.1966,0,0,0,0,0,0,0.1709,0.3419,0,0.1709,0,0,0,0,0,0,1.0256,0,0,0,0,0,2.0513,0,0.1709,0,1.1966,0,0,0,0,0,0.3419,NA,0.3419,0.3419,0,0,0.1709,1.1966,NA,0,0,0,0,0,0.1709,0,0,0.5128,0,0,0,0,0,2.3932,0,0,5.2991,0,0,0,0,0,0,0,0,0.1709,0,0,0,0,0,0,0.3419,0,0,0.1709,0.1709,0.1709,0,1.0256,0.3419,0.5128,0.1709,0,0,0.6838,0,0.3419,0,0.3419,0,0.1709,0,0,0,0,0,0,0,0,0,0,0,0,0,0,0,0,0,0,0,0.1709,0,0,0,0,0.5128,0,0,0,0,0,0,0,0,0,0,0,0,0,0.5128,0,0,0,0,0,0,0.1709,0.1709,0,0.5128,0,0,0,0,0.6838,0,0,0.1709,0,0,0,0,0,0.3419,0,0,0.8547,0,0.1709,0,0,0,0,0,0,0,0,0,0,0,0,0,0,0,0,0.1709,NA,0,0.1709,0,0,0,0.1709,0,0,0,0,0,0.5128,0.6838,0,0,0,0,0.1709,0.1709,69.9145,NA,0,0,0,0.1709,0,0,0,0,0,0,0.8547,0,0
"examiner.com",5878,0.0214,0.1768,0.0375,0,0.0911,0.1179,0.1983,0.0107,0.0107,0.0429,0.0054,0,1.0556,0.1072,0.0107,0,0.1393,0.0429,0.0054,0.0643,0.0643,0.0429,0.0429,0.0321,0,0.0214,0.0375,0.0161,0.0375,0.8734,0.0107,0.0054,0,0.0214,0.0161,2.7005,0.0214,0.0911,0.1393,0.5573,0.0214,0.0268,0.0589,0,0,0.3001,NA,0.0321,0.1768,0.0054,0.0107,0.0804,0.7394,NA,0.0054,0.0697,0.0804,0.0107,0.0429,0.3054,0.0054,0,0.4822,0.0054,0.0214,0.0268,0.0107,0,1.0288,0.0107,0,2.8988,0.0107,0.0107,0.0214,0.0375,0.0107,0,0,0,0.1393,0.0054,0.0161,0.0321,0,0.0054,0.0429,0.209,0.0429,0.0214,0.0536,0.0482,0.0911,0,0.434,0.2358,0.1768,0.1393,0.0857,0.643,0.6858,0.075,0.0054,0.0643,0.5787,0,0.3268,0.0054,0.0107,0.0054,0,0.0964,0.0054,0.0054,0.0536,0,0.1286,0.0054,0,0.0268,0.0054,0.0054,0.0054,0.0214,0.0161,0.0161,0.0429,0.0268,0,0.0268,0.0054,0.6162,0,0,0.0321,0.0054,0.0375,0,0.0054,0.0268,0.0161,0.0107,0.0054,0.0161,0.0107,0.1232,0.0107,0,0,0.0536,0.0054,0.1983,0.0643,0.0482,0,0.3697,0.0161,0.0643,0.0536,0.1018,0.4715,0.0054,0.0107,0.1393,0.1125,0.0375,0.1018,0.0054,0.0536,0.0054,0.0054,0.0482,0.6162,0,0.0536,0.0214,0.0107,0.0482,0,0.0054,0,0.0107,0.0161,0.0161,0,0,0.0321,0.0429,0,0.0054,0.0107,0.1607,NA,0.0054,0.1232,0,0.0054,0,0.0964,0,0,0.0054,0,0,0.1607,0.1929,0.0054,0.0161,0.0857,0.0107,0.3054,0.0107,76.515,NA,0.0054,0.0964,0,0.0268,0.0161,0.0054,0.0911,0,0.0107,0.0321,0.1393,0,0.0107
"forbes.com",3763,0,0.0329,0.0988,0,0.0988,0.1647,0.2636,0,0,0.0988,0,0.0659,1.285,0.1647,0.0329,0,0.1647,0,0.0329,0.3295,0.0659,0.0329,0,0.0329,0.0329,0.0988,0,0,0.0329,2.9325,0,0,0.0329,0.0329,0.0329,1.1203,0,0.2636,0.1647,6.7875,0,0.0329,0.1318,0.0329,0,0.1977,NA,0.0329,0.1318,0,0.0329,0.0329,0.9885,NA,0,0.2306,0.0659,0.0659,0,0.0329,0,0,0.3295,0.0329,0.0659,0.1977,0.0329,0,1.318,0,0,4.4481,0,0,0.0329,0,0,0,0,0,0.2306,0,0.0329,0.0988,0,0,0.0329,0.4942,0,0.0329,0,0.0988,0.4283,0,1.7792,0.1977,0.2306,0.0988,0,0.1977,0.659,0,0.0329,0.1647,1.5486,0,0.0659,0,0.0659,0,0,0.2636,0,0,0.0329,0,0.1318,0,0,0,0,0,0,0.0329,0.1647,0,0.0988,0.0329,0,0.0659,0,1.0544,0,0,0,0,0.0329,0,0,0,0.0329,0,0,0.0329,0,0.2306,0,0.0329,0,0.1977,0,0.2306,0.0659,0.1647,0,0.2965,0,0.0329,0,0.0659,0.2965,0,0.0329,0.0659,0.0659,0.0329,0.0329,0,0,0,0,0.1647,2.1087,0.1318,0.0329,0,0,0.1977,0,0,0,0,0.0329,0,0,0.0659,0,0,0.0329,0,0.0329,0.2636,NA,0,0.0329,0,0,0,0.0988,0,0,0,0,0.0329,0.2636,0.1647,0,0.3295,0,0,1.1532,0,60.5601,NA,0,0.0329,0,0.1318,0,0,0.1977,0.2965,0,0,0.3295,0,0.0329
"foxnews.com",2539,0,1.8428,0.0467,0,0.0467,0.3499,0.2566,0.0233,0,0.0467,0,0,1.5162,0.0933,0,0,0.14,0.0233,0,0.07,0.1633,0.1866,0.0933,0.0233,0,0,0.0233,0.0467,0.1166,0.4899,0,0.0233,0,0,0.3965,1.073,0,0.2099,0.3032,1.9361,0.0233,0.1166,0.2099,0,0,0.3965,NA,0.07,0.4432,0,0.0933,0.0933,1.8428,NA,0,0.0467,0.0933,0.0933,0.1166,1.0963,0,0,0.6765,0.0467,0.07,0.1166,0,0,0.9564,0,0,2.216,0,0,0.0467,0.0467,0.2333,0.0467,0.0467,0,0.5598,0,0,0.0233,0.07,0,0.1166,0.1633,0.0233,0.1166,0.2333,0.2099,0.2566,0,0.6998,0.1633,1.1896,1.0497,0,1.6095,0.8864,0.1633,0.0233,0.1633,0.8631,0.0233,0.3732,0,0.1633,0,0,1.3063,0.1166,0,0.4432,0.07,0.8864,0.0233,0.0233,0.1633,0,0.0467,0.0233,0.0233,0.0233,0.0233,0,0,0.0467,0,0,1.073,0,0.1166,0.1166,0.0467,0.3965,0,0.0233,0.0467,0,0.0467,0,0,0,0.7231,0,0,0.0233,0.6298,0.1166,0.4665,0.0467,0.3032,0,0.14,0.0467,0.5832,0.07,0.14,0.4665,0,0.0933,0.3266,0.3732,0.4899,0.0933,0.0467,0.3732,0,0.1166,0.07,2.0527,0.14,0.14,0.2566,0.1166,0.0467,0,0,0,0.0467,0.0467,0.07,0,0.07,0.07,0.3965,0,0.0467,0.0467,0.1866,NA,0.0233,1.3763,0.0233,0,0.0233,0.4665,0,0.0233,0,0,0.07,0.3266,0.2566,0,0.0233,0,0.2099,2.9624,0.0233,49.8484,NA,0,0.4199,0,0.3266,0,0.0233,0.0467,0,0,0.3965,0.6065,0,0.0467
"ft.com",1325,0,0.1212,0,0,0,0.9697,0.2424,0,0,0.1212,0,0,1.4545,0.3636,0,0,0.7273,0,0,0.1212,0.1212,0,0,0,0,0,0,0,0,0.7273,0,0.1212,0.1212,0,0,0.6061,0,0.1212,0,8.3636,0,0.1212,0,0,0,0.2424,NA,0,0,0,0.1212,0,1.0909,NA,0,0.3636,0,0.1212,0,0.4848,0,0,0.8485,0.3636,0,0.3636,0,0,2.4242,0,0,25.4545,0,0,0,0,0.1212,0,0,0,0.4848,0,0,0,0,0,0,0.6061,0,0.1212,0,0.2424,0.4848,0,2.1818,0.4848,0.4848,0.2424,0,0.3636,0.7273,0,0,0,3.1515,0,0,0,0.2424,0,0,0.9697,0,0,0.1212,0,0.1212,0,0,0,0,0.1212,0,0.1212,0,0,0,0.1212,0,0,0,0.3636,0,0,0.1212,0,0.2424,0,0,0,0,0.1212,0,0,0,0.3636,0,0,0,0.4848,0,0.1212,0.6061,0,0,0,0,0.3636,0,0,0.3636,0,0,0.1212,0.1212,0,0.6061,0,0.1212,0,0.2424,0,4.8485,0.1212,0.1212,0,0,0.8485,0,0,0,0,0,0,0,0,0,0.1212,0,0,0.1212,0,NA,0,0.6061,0,0.1212,0,0.3636,0,0,0,0,0,0.6061,0.6061,0,0.1212,0,0,4.8485,0,22.9091,NA,0,0,0,0.1212,0,0,0.1212,0,0,0.2424,0.8485,0.1212,0
"gawker.com",4798,0,0.5464,0,0,0.5464,0,0,0,0,0,0,0,1.6393,0,0,0,0,0,0,0,0,0,0,0,0,0,0.5464,0,0,0.5464,0,0,0,0,0,0,0,0,2.1858,1.0929,0,0,0.5464,0,0,0.5464,NA,0,0,0,0,0,1.0929,NA,0,0,0,0,0,0.5464,0.5464,0,1.6393,0,0,0,0,0,0.5464,0,0,5.4645,0,0,0,0,0.5464,0,0,0,0,0,0,0,0,0,0,0,0,0,0,0,0.5464,0,0,0,0,1.0929,0,0,0.5464,0,0,0,1.0929,0,0,0,0,0,0,0.5464,0,0,0,0,0,0,0,0,0,0,0,0,0,0,0,0,0,0,0,0,0,0,0,0,0,0,0,0,0,0,0,0,0,1.0929,0,0,0,0,0,0,0,0,0,1.0929,0,1.0929,0,0,1.0929,0,0,0,0,0,0,0,0,0,0,0,0.5464,0,0,0,0,0,0,0,0,0,0,0,0,0,0,0,0,0,0,0,NA,0,0,0,0,0,0,0,0,0,0,0,0.5464,0.5464,0,0,0.5464,0,1.6393,0,68.8525,NA,0,0.5464,0,0,0,0,0,0,0,0,0,0,0
"good.is",1455,0,0,0,0,0.3155,0,0.6309,0.6309,0,0,0,0,2.2082,0,0,0,0.3155,0,0,1.8927,0,0,0,0,0,0,0,0,0,1.2618,0.3155,0,0,0,0.6309,2.2082,0,0.6309,0.3155,1.5773,0,0,1.5773,0.6309,0,0,NA,0,0.6309,0,0,0,0.9464,NA,0.3155,0,0,0,0,0.3155,0,0,1.2618,0,0,0.6309,0,0,2.2082,0,0,5.6782,0,0,0.3155,0,0,0,0,0,0.3155,0,0,0,0,0,0,0.9464,0,0,0,0,0.9464,0,4.1009,0.6309,0.3155,0,0.3155,0.3155,0.9464,0,0,0.3155,2.8391,0,0.6309,0,0,0,0,0.3155,0,0,0,0.3155,0,0,0,0,0,0,0,0.3155,0,0,0.3155,0,0,0,0,0.3155,0,0,0.3155,0,0,0,0,0,0.6309,0,0,0,0.6309,0,0,0,0,0.6309,0.3155,1.2618,0.3155,0,0,0.6309,0.3155,0.6309,0,0,0,0,0,0,0,0,0,0,0,0,0,0,0.9464,1.5773,0,0.9464,0,1.2618,0,0,0,0,0,0,0,0,0,2.2082,0,0,0,0,NA,0,0.9464,0,0,0,0.6309,0,0,0,0,0,1.8927,0.3155,0,0.3155,0.9464,0.9464,0.3155,0,36.5931,NA,0,0,0,0.3155,0,0,0,0,0.3155,0.3155,1.2618,0.6309,0
"guardianlv.com",3938,0,0.397,0.0361,0,0.0722,0.2887,0.2887,0,0,0.1083,0,0.0361,1.6961,0.2165,0.0722,0,0.1804,0,0,0.2165,0.0722,0,0.0361,0.0361,0,0.0361,0,0,0.1083,0.9744,0.0361,0,0,0.1083,0,2.4179,0,0.2526,0.2887,1.2631,0,0,0.1083,0.0361,0,0.2526,NA,0.0361,0.1444,0,0.0361,0,0.9744,NA,0,0.1444,0,0.0361,0.0722,0.6135,0,0,0.6857,0,0,0,0,0,1.3353,0,0,5.5576,0,0,0.0361,0,0.2887,0.0361,0,0,0.0361,0,0.1444,0.0361,0,0,0.0361,0.0361,0.0722,0,0.0361,0.1804,0.1083,0,0.9383,0.1083,0.3609,0.1804,0.0722,0.6496,0.7939,0.0361,0,0.0361,0.9022,0.0722,2.2375,0,0,0.0361,0,0.2887,0,0,0.1083,0.0361,0,0,0,0,0,0,0,0,0,0,0.0361,0.1083,0,0,0,0.6135,0,0.0361,0.0361,0.0361,0.0361,0,0.0361,0,0,0,0,0,0.0361,0.2526,0,0,0,0.2526,0,0.2165,0.0361,0.1083,0,0.4691,0,0.2526,0,0.0722,0.1444,0,0,0.0361,0.0361,0.1804,0,0.0361,0,0,0,0.1083,1.7322,0.0722,0.2526,0.0361,0,0.0361,0,0,0,0.0722,0,0,0,0,0.0361,0.0361,0,0,0,0.3248,NA,0,0.2887,0,0,0,0.2526,0,0,0,0,0,0.5052,0.0722,0,0.1444,0.2526,0.1083,1.227,0.0361,62.2519,NA,0,0.2526,0,0.1444,0,0,0.0361,0,0,0.0361,1.4074,0.0361,0
"hindustantimes.com",2432,0,0.7806,0.0867,0,0,1.2142,0.0867,0,0,0,0,0,1.4744,0.0867,0,0,0,0,0.0867,0.6071,0,0.0867,0.0867,0.0867,0,0,0,0,0.0867,0.2602,0,0,0.0867,0.0867,0.2602,0.6071,0,0.4337,0.2602,2.8621,0,0,0,0,0,0,NA,0,0,0,0,0,0.6071,NA,0,0.0867,0,0.0867,0,0.5204,0,0,0.1735,0,0.0867,0.0867,0.0867,0,1.6479,0,0.0867,3.6427,0,0,0,0,0,0,0,0,0.1735,0,0,0,0,0,0,0.6071,0,0.0867,0,0.0867,0.6938,0,47.1813,0.1735,0.3469,0.6938,0,0.3469,0.6938,0,0,0,1.8213,0.0867,0,0,0,0,0,2.0815,0,0,0.0867,0,0.0867,0,0,0.5204,0,0,0,0,0,0,0.1735,0,0,0,0,0.4337,0.0867,0,0,0,0,0,0,0,0.0867,0,0,0,0,0.6071,0,0,0,0.1735,0.1735,0.2602,0.1735,0.8673,0,0.6071,0,3.3825,0,0,0.3469,0,0.0867,0.1735,0,0.954,0,0,0,0,0,0,1.3877,0.0867,0.0867,0,0,0.4337,0,0,0,0.0867,0,0,0,0,0,0.0867,0,0,0,0.0867,NA,0,0.8673,0,0,0,0.3469,0,0,0,0,0,0.0867,0,0,0.2602,0,0,1.9948,0,11.9688,NA,0,0.0867,0,0,0,0,0.0867,0,0,0.1735,0.6938,0,0.0867
"hollywoodreporter.com",3423,0.0549,0.1647,0,0,0,0.3295,0.1647,0,0,0,0,0,1.4278,0.1098,0,0,0.2746,0,0,0,0.0549,0,0.0549,0.0549,0,0.0549,0,0,0.0549,0.8237,0.0549,0.1647,0,0.0549,0,3.24,0,0.2746,0.0549,3.844,0,0,0.1647,0,0,0.2197,NA,0,0.2746,0,0,0.0549,1.4827,NA,0,0.2197,0,0.0549,0,0.1098,0,0,0.9885,0,0.0549,0,0,0,4.0088,0,0,7.1389,0,0,0,0,0,0,0.0549,0,0,0,0.0549,0.0549,0,0.0549,0.1098,0.8237,0,0.1098,0.0549,0.1098,0,0,0.9336,0.4393,0.3295,0.0549,0.2746,0.4942,1.4278,0.0549,0,0.0549,1.2081,0,0.0549,0,0.0549,0,0,0.4393,0,0,0,0,0.0549,0,0,0,0,0.1098,0.0549,0,0,0,0.1098,0.0549,0,0.1098,0,0.8237,0,0,0.0549,0,0,0,0,0,0,0,0,0.2197,0,0.1647,0,0,0,0,0,0.2746,0.2746,0.1098,0,0.4942,0,0,0.1098,0,0.4942,0,0,0.2197,0.0549,0.1098,0,0,0,0.0549,0,0.0549,1.8671,0,0,0,0,0.0549,0,0,0,0,0,0.0549,0,0,0,0,0,0,0,0.659,NA,0,0,0,0,0,0.0549,0,0,0,0,0,0.4393,0.3844,0,0.2197,0.1098,0.1098,0.4393,0,57.5508,NA,0,0.0549,0,0.1647,0,0,0,0,0,0,0.4393,0.0549,0
"huffingtonpost.com",5293,0,0.7514,0,0,0,0.0683,0.2732,0.0683,0,0,0,0,1.5027,0.2049,0,0,0.0683,0,0,0.2049,0,0,0,0,0,0,0,0.0683,0,0.8197,0,0,0,0,0.0683,0.7514,0,0.1366,0.1366,0.8197,0,0,0,0,0,0.6831,NA,0.0683,0.2732,0,0,0,0.2732,NA,0,0,0,0.0683,0.1366,0.5464,0,0,0.7514,0,0.2732,0,0,0,0.888,0,0,2.3907,0,0.0683,0.1366,0.0683,0.0683,0,0,0,0.2049,0,0,0.1366,0,0,0,0.2049,0,0.0683,0.1366,0.0683,0.0683,0,0.7514,0,0.4098,0.5464,0.0683,1.2295,0.6148,0,0,0.0683,0.2732,0,0.2049,0,0,0,0,0.4098,0,0,0,0,0.2049,0,0,0.0683,0,0,0,0,0,0,0,0,0,0.0683,0,0.5464,0,0.0683,0,0,0.0683,0,0,0,0,0,0,0,0,0.4781,0,0,0,0.1366,0,0.3415,0,0,0,0.3415,0,0.2049,0,0.1366,0.1366,0,0,0.0683,0,0.1366,0,0,0,0,0.0683,0.1366,1.3661,0.5464,0.2732,0,0.0683,0,0,0,0,0.0683,0,0,0,0.0683,0.1366,0,0,0,0,0.2732,NA,0,0.3415,0,0,0,0.2049,0,0,0,0,0,0.4781,0.2732,0,0.0683,0,0.1366,0.9563,0.0683,72.6093,NA,0,0.2049,0,0.0683,0,0,0.1366,0,0.0683,0.0683,0.2049,0,0
"indianexpress.com",4226,0,0.6843,0.0708,0,0.0472,0.6607,0.0944,0.0236,0,0.0236,0.0236,0,1.3922,0,0.0472,0,0.118,0.0708,0.0944,0.7079,0.0236,0.1652,0.0944,0.3067,0,0,0,0,0,0.3303,0,0,0.0236,0.0236,0.0236,0.3303,0,0.1652,0.0472,0.9438,0.0472,0.0236,0,0.0472,0.0236,0.0944,NA,0.0472,0.118,0,0.0472,0,0.6843,NA,0,0.0944,0.0236,0,0.0472,0.1652,0,0,0.9674,0.0236,0,0.0472,0,0,0.8259,0,0,3.5866,0,0,0,0,0.0236,0,0,0,0.0944,0,0.0472,0,0,0,0,0.0472,0,0,0.0236,0.118,0.2832,0,64.2048,0.1652,0.4955,0.3303,0,0.2596,0.5191,0.0236,0,0.0236,0.2832,0.0472,0.0236,0,0.0236,0,0,0.5191,0,0,0.0236,0.0236,0,0,0,0.9202,0,0,0,0.0236,0,0,0.0472,0.0944,0,0.0472,0,0.2124,0,0,0.0944,0,0,0.0472,0,0,0,0,0,0.0472,0,0.6607,0,0.0472,0,0.118,0,0.1416,0.0236,0.3775,0,0.6371,0.0472,3.9405,0,0,0.118,0,0.0472,0.118,0,0.1416,0.118,0.0236,0.0708,0,0.0472,0.0472,0.4955,0,0.0708,0.118,0.0236,0.2124,0,0,0,0,0,0,0,0.0236,0,0,0,0,0,0.0236,NA,0,0.118,0,0,0,0.1416,0,0.0708,0,0,0,0.0236,0.0708,0,0.0236,0.0472,0,0.6607,0,8.0462,NA,0,0.0708,0,0.0944,0,0,0,0,0,0.0236,0.3067,0,0.0236
"ksl.com",4790,0,1.0188,0.0664,0,0.0443,0.1107,0.2879,0,0.0443,0.0221,0,0,1.1739,0.1107,0.0221,0,0.0664,0.0221,0,0.0221,0.0443,0.1329,0.0443,0.0886,0,0,0,0.0221,0.1329,0.5316,0,0,0,0,0.2215,0.7087,0,0.0664,0.3544,0.6866,0.0221,0.0443,0.1772,0,0,0.2879,NA,0.0664,0.3544,0,0.0221,0.0443,0.6866,NA,0,0.0443,0.0886,0.1107,0.0443,0.7309,0,0,0.2215,0.0221,0.0886,0.0443,0,0,0.6866,0,0,1.3068,0,0,0.0221,0,0.1772,0,0.0443,0,0.2879,0,0,0.0443,0,0,0.1329,0.0664,0,0.0664,0.155,0.1329,0.1772,0,0.5316,0.0443,0.7973,0.8195,0.0221,0.9524,0.1993,0.155,0.0221,0.2436,0.3765,0,0.2658,0,0.1107,0,0.0221,0.9081,0.0886,0.0221,0.2879,0.0443,0.2658,0.0443,0,0.0886,0,0.0221,0,0,0,0,0,0,0.0221,0.0221,0,1.0188,0,0.0664,0.1329,0.0221,0.3101,0,0,0,0,0.0443,0,0,0,0.5537,0,0,0,0.3544,0.1107,0.1772,0.0443,0.3101,0,0.0664,0,0.5537,0.0221,0.0443,0.5094,0,0.0664,0.1329,0.1772,0.1107,0.0443,0.0443,0.1772,0,0.0221,0.0221,1.041,0.1772,0.155,0.0664,0.0886,0,0,0,0,0.0664,0.0221,0.0443,0,0.0664,0.0221,0.2215,0,0,0.0221,0.0443,NA,0,1.041,0,0,0,0.3101,0,0,0,0.0221,0.0443,0.1107,0.1329,0,0.0221,0.0221,0.1107,1.9048,0.0664,69.0587,NA,0,0.0221,0,0.1993,0,0.0443,0.0221,0,0,0.3544,0.3987,0,0.1107
"latimes.com",5053,0,0.669,0,0,0,0.0319,0.1274,0.0319,0.0319,0.2867,0,0,1.2743,0.0319,0,0,0.0319,0.0319,0.0319,0.0637,0,0,0,0.0319,0,0,0,0.0319,0,1.1469,0,0,0,0,0.0637,1.7522,0,0.0956,0.5416,0.9239,0,0,0.0319,0,0,0.0956,NA,0,0.1911,0,0,0.0637,0.7327,NA,0.0319,0.0956,0.0956,0.0319,0.0637,0.8283,0,0,0.2867,0,0,0.0637,0,0,0.7009,0,0,2.3574,0,0,0,0.0319,0.0319,0,0,0,0.1911,0,0,0,0,0,0,0.1274,0,0.0319,0,0.0319,0.0956,0,0.2549,0.1593,0.6053,0.2867,0.0956,0.9557,0.4141,0.0637,0,0.2867,0.5734,0,0,0,0.0319,0,0,0.6053,0,0,0.0956,0.0319,0.0956,0,0,0.0319,0,0,0.0319,0.0319,0,0,0.0637,0.0319,0,0.0956,0,0.8283,0.0319,0,0,0,0.0637,0,0,0.0319,0,0,0,0,0.0319,0.3186,0,0,0,0.1274,0.0637,0.0319,0.0637,0.1911,0,0.5416,0,0.2867,0,0,0.4779,0,0,0.1274,0.0319,0.0319,0,0,0.2549,0,0,0.0319,1.4017,0.0956,0.1593,0.0319,0,0.0319,0,0,0,0,0,0,0,0,0,0.1274,0,0.0319,0,0.3186,NA,0,0.8601,0,0,0,0.0319,0,0,0,0,0,0,0.223,0,0.1274,0.0319,0,2.4849,0,70.8824,NA,0,0.3186,0,0.1593,0,0,0.0319,0,0,0.0956,0.7009,0,0
"mediabistro.com",8025,0,0,0,0,0,0,0,0,0,0,0,0,0,0,0,0,0,0,0,0,0,0,0,0,0,0,0,0,0,0,0,0,0,0,0,0,0,0,0,0,0,0,0,0,0,0,NA,0,0,0,0,0,0,NA,0,0,0,0,0,0,0,0,0,0,0,0,0,0,11.1111,0,0,0,0,0,0,0,0,0,0,0,0,0,0,0,0,0,0,0,0,0,0,0,0,0,0,0,0,0,0,0,0,0,0,0,0,0,0,0,0,0,0,0,0,0,0,0,0,0,0,0,0,0,0,0,0,0,0,0,0,0,0,0,0,0,0,0,0,0,0,0,0,0,0,0,0,0,0,0,0,0,0,0,0,0,0,0,0,0,0,0,0,0,0,0,0,0,0,0,0,0,0,0,0,0,0,0,0,0,0,0,0,0,0,0,0,0,0,0,0,0,0,0,NA,0,0,0,0,0,0,0,0,0,0,0,0,0,0,0,0,0,0,0,88.8889,NA,0,0,0,0,0,0,0,0,0,0,0,0,0
"msn.foxsports.com",6748,0,0.1344,0.0672,0,0,0,0.5376,0,0,0,0,0,0.4704,0.1344,0,0,0.1344,0,0,0,0,0,0,0,0,0.0672,0,0,0,0,0,0,0,0,0,1.8145,0,0.6048,0,0.2016,0,0,0,0.0672,0,0.2688,NA,0,0.336,0,0,0.2016,1.0753,NA,0,0,0,0,0,0,0,0,1.8817,0,0,0.2688,0,0,1.0753,0,0,0.672,0,0,0,0,0,0,0,0,0.1344,0,0,0,0,0,0.0672,0,0,0.2016,0,0,0,0,0.0672,0.1344,0,0,0,0.2016,0.7392,0.0672,0.0672,0.4704,0.6048,0.2016,0,0,0,0,0,0,0,0,0,0,0,0,0,0,0,0.0672,0,0.2016,0,0,1.2097,0.1344,0,0,0,0.1344,0,0,0,0,0,0,0,0.0672,0,0,0,0,0,0.5376,0,0,0,0,0,0.0672,0,0.0672,0,0.0672,0,0,0,0,0.1344,0,0,0.2688,0.2016,0,0.1344,0,0.0672,0,0,0.7392,0.2016,0,0,0,0,0,0,0,0,0,0,0,0,0,0.0672,0,0,0.0672,0.1344,0,NA,0,0,0,0,0,0,0,0,0,0,0,0,0.0672,0,0,0,0,0.2688,0,82.0565,NA,0,0,0,0,0,0,0,0,0,0,0.0672,0,0
"nationalgeographic.com",3341,0,1.6949,0,0,0,0,0,0,0,0,0,0,1.6949,0,0,0,0.8475,0,0,0,0,0,0,0,0,0,0,0,0,0.8475,0,0,0,0,0,0,0,0.8475,2.5424,0.8475,0,0,1.6949,0,0,0.8475,NA,0,0,0,0,0,1.6949,NA,0,0,0,0,0,0,0,0,0,0,0,0,0,0,2.5424,0,0,0,0,0,0,0,0.8475,0,0,0,0,0,0,0,0,0,0,0.8475,0,0,0,0,0.8475,0,0,0,0,0,0,0,0.8475,0,0,0.8475,2.5424,0,0.8475,0,0,0,0,0,0,0,0,0,0,0,0,0,0,0,0,0,0,0,0,0,0,0,0,0.8475,0,0,0.8475,0,0.8475,0,0,0,0,0,0,0,0,0,0,0.8475,0,1.6949,0,0,0,7.6271,0,0.8475,0,0,0,0,0,0,0,0,0,0,0,0,0,0,0,0,0,3.3898,0,0,0,0,0,0,0,0,0,0,0,0,0,0.8475,0,0,0,0,NA,0,0,0,0,0,0,0,0,0,0,0,0.8475,0,0,0,0.8475,0,0,0,56.7797,NA,0,0,0,0,0,0,0,0,0,0,0,0,0
"nbcnews.com",4068,0.1942,1.165,0,0,0,0.3883,0.5825,0,0,0,0,0,2.1359,0,0,0,0,0,0,0,0,0,0,0,0,0,0,0,0,2.9126,0,0,0,0,0,0.1942,0,0,0.5825,1.9417,0,0,0,0,0,0.1942,NA,0,0,0,0,0.1942,0.9709,NA,0,0,0,0,0,0,0,0,0,0,0,0.1942,0,0,0.5825,0,0,2.5243,0,0,0,0,0,0,0,0,0.3883,0,0,0,0,0,0,0.1942,0,0,0,0,0,0,0.3883,0.1942,0,0.3883,0,0.3883,0.3883,0,0,0,1.3592,0,0,0,0,0,0,0.9709,0,0,0,0,0,0,0,0,0,0,0,0,0,0,0,0,0,0,0,0.3883,0,0,0,0,0,0,0,0,0,0,0,0,0,0.3883,0,0,0,0,0,0.1942,0,0.1942,0,0.3883,0,0,0,0.1942,0,0,0,0,0,0.1942,0,0,0,0,0,0.3883,5.2427,0,0,0,0,0,0,0,0,0,0,0,0,0,0,0,0,0,0,0,NA,0,0.9709,0,0,0,0,0,0,0,0,0,0.9709,0.3883,0,0,0,0,6.9903,0,62.9126,NA,0,0,0,0.1942,0,0,0,0,0,0,0.1942,0,0.3883
"ndtv.com",2221,0,1.1164,0.0279,0,0.0279,0.4466,0.0279,0,0,0.0279,0,0,2.8747,0.1395,0,0,0.0837,0,0,0.307,0,0.0558,0.0558,0,0,0,0,0,0,0.921,0,0.0279,0,0,0.0279,0.4466,0,0.1116,0.2791,2.9026,0,0,0.0279,0,0,0.0279,NA,0.0558,0.1395,0,0.0558,0,0.6419,NA,0,0.1116,0,0.0837,0,0.3907,0,0,0.3628,0,0.0279,0.1954,0,0,1.0047,0,0,2.5398,0,0,0,0,0.0558,0,0,0,0.1116,0,0,0,0,0,0,0.1395,0,0.0279,0,0.0279,0.3628,0,43.1761,0.0279,0.0837,0.921,0,0.307,0.7256,0,0,0,1.4513,0,0.0558,0,0.0558,0,0,2.8189,0.0279,0,0,0,0.0837,0,0,0.3628,0,0,0,0,0,0,0.0279,0,0.0279,0,0.0279,0.3349,0,0.0279,0.3349,0.0279,0.0558,0,0,0,0,0,0,0,0,1.5629,0.0279,0,0,0.3349,0.0279,0.2233,0.0279,0.6698,0,0.2233,0.0558,3.1259,0.0279,0,0.1395,0,0.0837,0.1116,0.0279,0.5024,0.0837,0,0.1395,0.0279,0,0,1.9258,0.0558,0.3349,0.1395,0,0.307,0,0,0,0.0279,0,0,0,0,0,0.1675,0,0.0279,0,0.1954,NA,0,0.614,0,0,0,0.2512,0,0,0,0.0279,0,0.1395,0.4186,0,0.3349,0,0.0279,1.9816,0,17.1644,NA,0,0.1395,0,0.0279,0,0,0.0279,0,0,0.1116,0.8373,0,0.0279
"news.com.au.heraldsun.com.au",3531,0,0.3995,0,0,0.0479,0.2397,0.2717,0.0639,0,0.0479,0,0.016,57.1269,0.032,0,0,0.0959,0.0479,0,0.0799,0.032,0.1918,0.0799,0.016,0,0,0,0.016,0.032,0.4474,0.032,0.016,0,0,0.032,1.0227,0,0.1438,0.1438,0.8789,0,0.1758,0,0,0,0.0639,NA,0,0.0799,0,0,0,0.6552,NA,0,0.0479,0.016,0,0.016,0.0799,0,0,0.8309,0,0,0.016,0.1278,0,0.9108,0,0,6.6155,0,0,0.2237,0.016,0.016,0,0,0,0.0799,0,0,0,0.016,0,0,0.8629,0.016,0.032,0,0,0.3675,0.016,0.6232,0.1598,0.1278,0.032,0,0.2077,0.8469,0.032,0,0.0639,0.8629,0.016,0.0959,0,0.1119,0,0,0.5113,0,0,0.016,0,0,0,0,0.2237,0,0.016,0,0,0,0,0.016,0.1119,0,0,0,0.0799,0.032,0,0,0,0.016,0,0,0,0,0,0,0,0,0.8629,0.032,0,0,0.0799,0.016,0.1598,0.0799,0.1438,0.016,2.7964,0.0479,0.2876,0,0.032,0.0799,0,0.1278,0.032,0,0.1598,0.1598,0,0.0959,0,0.0959,0.016,0.3675,0.032,0.0799,0,0.016,0.1119,0,0,0,0.1119,0,0,0.032,0,0,0.032,0,0,0,0.032,NA,0,0.0639,0,0,0,0.1119,0.016,0,0.016,0.0479,0,0.0639,0.2237,0,0,0,0.032,0.5273,0,14.3496,NA,0.032,0.032,0.016,0.032,0,0,0.0799,0,0.0639,0.016,1.0547,0,0.0479
"news.sky.com.sky.com",2293,0,1.5424,0.2571,0,0,0,0.2571,0,0,0,0,0,3.856,0,0,0,0.2571,0.2571,0,0,0,0,0,0,0,0,0,0,0,1.0283,0,0,0,0,0,0.7712,0,0,0.5141,1.7995,0,0,0,0,0,0.2571,NA,0,0,0,0,0,0.2571,NA,0,0,0,0,0,0,0,0,0,0,0,0.2571,0,0,0.5141,0,0,19.0231,0,0,0,0,0.2571,0,0,0,0,0,0,0,0,0,0,0,0,0,0,0,0.2571,0,0.7712,0.2571,0.2571,0.2571,0,1.0283,0.5141,0,0,0,0.7712,0,0,0,0.2571,0,0,2.3136,0,0,0,0,0,0.2571,0,0,0,0,0,0,0,0,0,0,0,0,0,0.2571,0,0,0,0,0,0,0,0,0,0,0,0,0,2.3136,0,0,0,0,0,0.2571,0.5141,0,0,1.7995,0,0.2571,0,0.2571,0,0,0,0,0,0.5141,0.2571,0,0,0,0,0,3.0848,0,0.2571,0,0,0.2571,0,0,0,0.2571,0,0,0,0,0,0,0,0,0,0,NA,0,0.2571,0,0,0,0,0,0,0,0,0,0,0,0,0,0,0.5141,5.9126,0,42.9306,NA,0,0.5141,0,0,0,0,0,0,0,0.2571,1.2853,0,0
"newsmax.com",5333,0,0.4954,0,0,0.033,0.1321,0.0661,0,0,0,0,0,1.354,0.1982,0,0,0.1321,0,0,0,0.033,0.033,0.033,0,0,0.033,0,0,0.033,0.6275,0,0,0,0,0,0.8587,0,0.0661,0.1321,1.4201,0,0,0,0.033,0,0,NA,0.033,0.3633,0,0,0,0.6605,NA,0,0.0661,0.033,0,0,0.3633,0,0,0.2642,0,0.033,0.1321,0,0,0.5614,0,0,2.2787,0,0,0.033,0.033,0.0991,0,0,0,0.0661,0,0,0,0,0,0.0661,0.0661,0,0,0,0,0.1321,0,0.2642,0.1651,0.8587,0.3963,0,1.1559,1.0568,0.033,0,0,0.3633,0.033,0.0991,0,0.033,0,0,0.4954,0,0,0.033,0.033,0.7266,0,0,0,0,0,0,0,0,0,0,0,0.033,0,0,0.2642,0.033,0,0,0,0.0661,0,0,0,0,0,0,0,0,0.6935,0,0,0.033,0.0991,0.0661,0.3633,0.1321,0.1321,0,0.0661,0,0.1651,0,0.0661,0.1321,0,0.033,0.2642,0.033,0.4624,0.033,0,0.1321,0,0,0.033,2.576,0,0.1651,0,0,0.033,0,0,0,0,0,0,0,0,0,0,0,0,0,0.3303,NA,0,0.3303,0,0,0,0.0661,0,0,0,0,0,0.1982,0.1321,0,0.0661,0.0661,0,2.4769,0,72.8203,NA,0,0.3303,0,0.0991,0,0,0,0,0.033,0.1982,0,0,0
"newyorker.com",3890,0,1.1364,0,0,0,0.5682,0,0,0,0,0,0,4.5455,0.5682,0,0,0,0,0,0,0,0,0,0,0,0,0,0,0,0,0,0,0,0,0,1.7045,0,0,0,0.5682,0,0,0,0,0,1.1364,NA,0,0,0,0,0,0.5682,NA,0,0,0,0,0,0,0,0,0,0,0,0,0,0,3.9773,0,0,7.3864,0,0,0,0,0,0,0,0,0,0,0,0,0,0,0,0,0,0,0,0,0,0,0,1.7045,0,0.5682,0,1.1364,0.5682,0,0,0,0,0,0,0,0,0,0,0.5682,0,0,0,0,0,0,0,0,0,0,0,0,0,0,0,0,0,0,0,2.8409,0,0,0,0,0,0,0,0,0,0,0,0,0,0,0,0,0,0.5682,0,0,0,0,0,0,0,0,0,0,0,0,0,0.5682,0,0,0,0,0,0,0.5682,0.5682,2.2727,0.5682,0,0,0,0,0,0,0,0,0,0,0,0,0,0,0,0,0,0,NA,0,0.5682,0,0,0,0,0,0,0,0,0,0,0,0,0,0,0,2.2727,0,61.3636,NA,0,0,0,0,0,0,0,0,0,0,1.1364,0,0
"npr.org",3193,0,1.9317,0.1288,0,0.0644,0,0.2576,0,0,0.1288,0,0,1.803,0.1288,0,0,0.1288,0.1932,0,0.322,0.1288,0,0,0,0,0.0644,0,0,0.0644,0.7727,0,0,0,0,0.1932,1.2878,0,0.0644,0.5151,1.803,0,0.1288,0.0644,0,0,0.3863,NA,0,0.5151,0,0,0,0.8371,NA,0,0.1932,0,0,0,1.0303,0,0,0.5151,0,0,0,0,0,1.159,0,0,2.0605,0,0,0.1288,0,0.2576,0.0644,0,0,0.1288,0,0.1288,0,0,0,0,0.0644,0,0,0,0,0.1288,0,1.0947,0.2576,0.5795,1.0303,0,1.0303,0.3863,0,0,0,1.4166,0,0.1932,0,0.0644,0,0,1.6742,0,0,0.1932,0.0644,0.1288,0,0.0644,0.1288,0,0,0,0.1288,0.0644,0,0,0,0,0,0,0.7727,0,0,0,0,0.1932,0,0,0,0,0,0,0,0,0.5795,0.0644,0,0,0.7083,0.1288,0.322,0,0.5795,0,0.1932,0,0.9015,0,0.1288,0.4507,0,0.0644,0.322,0.1288,0.3863,0,0,0.2576,0,0,0,2.8976,0.7727,0.1288,0.0644,0.0644,0,0,0,0,0,0,0,0,0,0,0.3863,0,0,0,0.1288,NA,0,0.8371,0,0,0,0.1288,0,0,0,0,0,0.3863,0.2576,0,0.0644,0,0.1288,4.1854,0,55.9562,NA,0,0.2576,0,0.1288,0,0,0.1932,0,0,0,0.5795,0,0
"nypost.com",5583,0,0.3908,0.1954,0,0.9443,0.1303,0,0,0,0.0651,0,0,1.2048,0.0651,0,0,0.0977,0,0,0,0.0651,0,0.0977,0.0326,0,0,0,0.0977,0.0326,0.6513,0,0,0,0.0326,0,3.875,0,0.0651,0.1628,0.6187,0,0,0.0326,0.0326,0,0.1954,NA,0,0.2931,0,0.0326,0.0326,0.6838,NA,0,0,0,0,0.0326,0.1303,0,0,0.2605,0,0,0.0326,0,0,1.5956,0,0,3.3214,0,0,0,0,0.0326,0,0,0,0.0651,0,0,0,0,0,0.0651,0.0977,0,0,0,0.0651,0.0326,0,0.2931,0.1954,0.3256,0.0977,0.0326,0.7489,0.6513,0.1303,0.0326,0.0326,0.5536,0.0326,0.0326,0,0.0326,0,0,0.5536,0,0,0.0326,0.0326,0.1303,0,0.0326,0.0326,0,0,0,0,0,0.0326,0.0326,0,0,0.0651,0,0.2279,0,0.0326,0.0326,0,0,0,0,0,0,0,0,0,0,0.2279,0,0,0.0326,0.1628,0,0.2605,0.0651,0.1954,0,0.1954,0,0.0977,0.0326,0.0326,0.0651,0,0,0.0977,0.0651,0.2279,0,0.0326,0.1303,0.0326,0.0326,0.0326,1.042,0,0.0326,0,0,0.0326,0,0,0,0,0,0,0,0,0,0.0326,0,0,0,0.1303,NA,0,0.1954,0,0,0,0.1954,0,0,0,0,0.0651,0.0651,0.1954,0,0,0,0.0326,0.521,0,74.4709,NA,0,0.0326,0,0.1303,0,0,0.0326,0,0,0.0977,0.3908,0,0
"nytimes.com",4390,0,0.5882,0.0735,0,0.1029,0.0735,0.2059,0,0.0294,0.0147,0,0.0147,0.8971,0.1029,0,0,0.1912,0.0294,0,0.1471,0.0147,0.0882,0,0.0441,0,0.0147,0,0,0.1029,1.0735,0,0,0.0147,0.0147,0.1471,2.1912,0,0.1765,0.1029,2.6176,0.0147,0.0294,0.0441,0,0,0.2206,NA,0.0588,0.2941,0.0294,0.0147,0.0735,1.2059,NA,0,0.0735,0.0294,0.0735,0.0294,0.2941,0,0,0.9412,0,0.0441,0.0735,0,0,1.8529,0,0,3.6765,0,0,0.0147,0,0.0441,0,0,0,0.25,0,0,0.0294,0,0,0.0735,0.3235,0,0.0147,0.0735,0.0882,0.1324,0,1.8529,0.1765,0.3824,0.3971,0.0147,0.7206,0.6471,0,0,0.0441,0.9706,0.0441,0.0588,0,0.0588,0,0.0147,0.5147,0,0,0.0441,0.0147,0.1471,0,0,0,0,0,0.0294,0.0147,0.0294,0,0.0441,0.0294,0.0147,0,0,0.3235,0,0.0147,0.0588,0.0147,0.0735,0,0.0147,0,0.0147,0,0,0,0,0.2941,0.0147,0,0.0147,0.1765,0.0147,0.3971,0.1176,0.1912,0,0.1618,0.0147,0.4559,0,0.0441,0.1029,0,0,0.1471,0.0294,0.1471,0.0735,0,0.1618,0.0147,0.1029,0.0294,1.1618,0.1324,0.0735,0.0147,0,0.1912,0,0,0,0.0147,0,0.0294,0,0.0588,0.0294,0.1029,0,0.0147,0.0147,0.2941,NA,0.0147,0.5588,0,0.0147,0,0.1324,0,0,0,0,0.0147,0.1912,0.2794,0,0.1176,0,0.0441,1.1324,0.0147,65.9265,NA,0,0.0441,0,0.1765,0,0,0.1324,0.0147,0,0.0735,0.2941,0,0.0147
"online.wsj.com",2600,0,0.4791,0.0625,0,0.0208,0.1875,0.3541,0,0,0,0,0,1.6871,0.1041,0.0208,0,0.5207,0,0,0.1458,0,0.0208,0,0.0208,0,0.0208,0.0208,0.0208,0,1.583,0,0,0,0,0.0417,1.1248,0,0.2708,0.1875,7.311,0,0,0,0,0,0.2291,NA,0.0208,0.0625,0,0.0625,0.0417,1.583,NA,0,0.1041,0,0.0208,0.125,0.2291,0,0,1.1456,0.0208,0.0208,0.1041,0,0.0208,2.2704,0,0,5.0406,0.0208,0,0.0208,0.0208,0.0417,0,0.0208,0,0.4999,0,0,0,0,0,0.0208,0.7707,0,0,0.0208,0.1666,0.3541,0,1.0414,0.3541,0.604,0.1666,0,0.4166,0.729,0,0,0,2.7078,0.0625,0.0625,0,0.0625,0,0,0.854,0.0208,0,0.0625,0,0.1666,0,0,0.0417,0,0,0,0.0417,0.1041,0,0.0417,0,0.0208,0,0,0.7915,0,0,0.0417,0.0208,0.0833,0,0.0208,0,0.0625,0,0,0,0,0.4582,0,0,0,0.2083,0.0208,0.3749,0.1041,0.125,0,0.4374,0,0.3749,0.0417,0.1041,0.3958,0,0.0417,0.2083,0.125,0.1458,0.2291,0,0.125,0,0.0833,0.0625,3.77,0,0.125,0.0417,0,0.2916,0,0.0208,0.0208,0.0625,0,0,0,0,0,0.0625,0,0.0208,0.0417,0.4166,NA,0,0.3958,0,0,0,0.2291,0,0,0,0,0,0.3124,0.2708,0.0208,0.3541,0.0417,0.0208,3.2702,0,49.6563,NA,0,0.125,0,0.1666,0,0,0.2083,0,0,0.0833,0.3958,0.0208,0.0417
"pbs.org",4036,0,0,0,0,0,0,0,0,0,0,0,0,2.0833,0,0,0,0,0,0,0,0,0,0,0,0,0,0,0,0,0,0,0,0,0,0,4.1667,0,4.1667,0,0,0,0,0,0,0,2.0833,NA,0,0,0,0,0,0,NA,0,0,0,0,0,2.0833,0,0,0,0,0,0,0,0,0,0,0,0,0,0,0,0,0,0,0,0,0,0,0,0,0,0,0,0,0,0,0,0,0,0,0,0,0,0,0,4.1667,0,0,0,2.0833,0,0,0,0,0,0,0,0,0,0,0,0,0,0,0,0,0,0,0,0,0,0,0,0,0,0,0,2.0833,0,0,0,0,0,0,0,0,0,0,0,0,0,0,0,0,0,0,0,2.0833,0,0,0,0,0,2.0833,0,0,0,0,0,2.0833,0,0,0,0,6.25,0,0,0,0,0,0,0,0,0,0,0,0,0,0,0,0,0,0,0,0,0,0,0,NA,0,0,0,0,0,0,0,0,0,0,0,0,0,0,0,0,0,0,0,62.5,NA,0,0,0,0,0,0,2.0833,0,0,0,0,0,0
"rawstory.com",4087,0,0.315,0.0787,0,0.0787,0.2362,0.1575,0,0,0.0787,0,0,1.6535,0,0,0,0,0,0,0.2362,0.0787,0,0,0,0,0,0.0787,0,0,0.7087,0,0,0,0,0,1.2598,0,0.315,0.3937,1.0236,0.0787,0,0,0,0,0.3937,NA,0.0787,0.3937,0,0,0,0.7874,NA,0,0,0,0.0787,0.0787,0.5512,0,0,0.5512,0,0.0787,0,0,0,1.3386,0,0,2.4409,0,0,0,0,0.0787,0,0,0,0.1575,0,0,0,0.0787,0,0.0787,0.2362,0,0,0,0,0.2362,0,0.7087,0.0787,0.9449,0.6299,0,0.7087,0.9449,0.0787,0,0,1.811,0,0.1575,0,0,0,0,0.7874,0,0,0.2362,0,0.315,0,0,0,0,0,0,0,0,0,0.0787,0,0,0,0,0.8661,0.0787,0,0,0,0,0,0,0.0787,0,0,0,0,0,0.6299,0,0,0,0.3937,0,0.5512,0.2362,0.1575,0,0.1575,0,0.3937,0,0.2362,0.3937,0,0,0.2362,0,0.3937,0.0787,0,0.2362,0,0,0,2.7559,0.2362,0,0,0,0,0,0,0,0.0787,0,0,0,0.0787,0,0.315,0,0,0,0.6299,NA,0,0.9449,0,0,0,0,0,0,0,0,0,0.2362,0.315,0,0.0787,0,0.1575,1.8898,0,63.622,NA,0,0.5512,0,0.3937,0,0,0.0787,0,0,0,0.6299,0,0
"rd.com",5986,0,0,0,0,0,0,0,0,0,0,0,0,0,5.8824,0,0,0,0,0,0,0,0,0,0,0,5.8824,0,0,0,0,0,0,0,0,0,0,0,0,0,0,0,0,0,0,0,0,NA,0,0,0,0,0,0,NA,0,0,0,0,0,0,0,0,0,0,0,0,0,0,5.8824,0,0,0,0,0,0,0,0,0,0,0,0,0,0,0,0,0,0,0,0,0,0,0,0,0,0,0,0,0,0,0,0,0,0,0,0,0,5.8824,0,0,0,0,0,0,0,0,0,0,0,0,0,0,0,0,0,0,0,0,0,0,0,0,0,0,0,0,0,0,0,0,0,0,0,0,0,0,0,0,0,0,0,0,0,0,0,0,0,0,0,0,0,0,0,0,0,0,0,0,0,0,0,0,0,0,0,0,0,0,0,0,0,0,0,0,0,0,0,0,0,0,0,0,0,NA,0,0,0,0,0,0,0,0,0,0,0,0,0,0,0,0,0,0,0,76.4706,NA,0,0,0,0,0,0,0,0,0,0,0,0,0
"rollingstone.com",5112,0,0,0,0,0,0,0.2415,0,0,0,0,0,2.1739,0,0,0,0,0,0,0,0,0,0,0,0,0,0,0,0,2.1739,0,0,0,0,0,3.6232,0,0.2415,0.2415,0.4831,0,0,0,0,0,0.2415,NA,0,0,0,0,0,1.2077,NA,0,0.2415,0,0,0,0,0,0,0,0,0,0,0,0,1.2077,0,0,8.4541,0,0,0,0,0,0,0,0,0.2415,0,0,0,0,0,0,0,0,0,0,0,0,0,0.2415,0.2415,0,0.2415,0.4831,0,0,0.4831,0,0,0.2415,0,0,0,0,0,0,0,0,0,0,0,0,0,0,0.2415,0,0,0,0,0,0,0.2415,0,0,0,0,0.7246,0,0,0,0,0,0,0,0,0,0,0,0,0.2415,0,0,0,0,0,0,0,0,0,0,0.9662,0,0.2415,0,0.2415,0.4831,0,0,0.2415,0,0,0.2415,0,0,0,0,0,1.4493,0,0,0,0,0,0,0,0,0,0,0,0,0,0,0,0,0,0,0.2415,NA,0,0,0,0,0,0,0,0,0,0,0,0.2415,0.2415,0,0,0,0,0.2415,0,70.7729,NA,0,0,0,0,0,0,0.2415,0,0,0,0,0,0
"rte.ie",1566,0,0.2714,0,0,0.0452,0.1809,0.2714,0,0,0,0,0.0452,2.8042,0.2714,0,0,0.4523,0,0,0.0452,0.0905,0.1809,0.0452,0,0,0.0905,0,0,0,0.6784,0,0,0.0452,0,0.1357,1.3116,0,0.2714,0.1357,1.4925,0,0.0452,0.0452,0,0,0.1357,NA,0,0.1809,0,0,0,1.7639,NA,0,0.1809,0,0.0452,0,0.2261,0,0.0452,2.3971,0,0,0.1357,0,0,3.7992,0,0,22.6594,0,0,0.0452,0,0.0905,0,0,0,0.4975,0,0,0,0,0,0,0.0452,0,0.0452,0.0452,0,0.2714,0,0.4975,26.4586,0.0452,0.1809,0,0.5427,1.5378,0.1357,0,0,0.4975,0.0452,0.0905,0,0,0,0,0.588,0.0452,0,0.1357,0,0.0905,0,0.0905,0.0905,0,0.0452,0.0905,0,0,0,0.3166,0.1357,0,0,0,0.3618,0,0.0452,0.0452,0,0.0905,0,0,0,0,0.0452,0,0.1357,0,0.4523,0,0,0,0.0905,0,0.3166,0.0452,0.0452,0,0.2714,0,0.3166,0,0.1357,0.1809,0,0.0452,0.1809,0,0.1357,0.588,0,0.0452,0,0.1357,0.0905,1.0403,0.0905,0.0452,0,0,0.0452,0,0,0,0.0905,0,0.0452,0,0,0.0452,0.1357,0,0,0.0452,0.2261,NA,0,0.4975,0,0,0,0.1809,0,0.0452,0,0,0,0.2261,0.1809,0,0,0,0,1.3569,0.0452,17.5034,NA,0,0.1357,0,0.0905,0,0,0,0,0,0,0.8141,0.0452,0.0452
"salon.com",5562,0,0.1466,0,0,0,0,0,0,0,0.1466,0,0,3.2258,0,0,0,0.1466,0,0,0,0.1466,0,0,0,0,0,0,0,0,1.3196,0,0,0,0.1466,0,0.4399,0,0,0.2933,0.5865,0,0,0,0,0,0.1466,NA,0,0.1466,0,0,0,0.8798,NA,0,0,0,0,0,0.1466,0,0,0.2933,0,0,0,0,0,1.4663,0,0,3.5191,0,0,0,0,0.2933,0,0,0,0,0,0,0.1466,0,0,0,0,0,0.1466,0,0.1466,0,0,0.2933,0,0.4399,0.5865,0.1466,0.5865,0.1466,0.2933,0,0,0.7331,0,0.4399,0,0,0,0,0.1466,0,0,0,0,0.2933,0,0,0,0,0,0,0,0,0,0,0,0,0,0,0.5865,0,0,0,0,0,0,0,0,0,0,0,0,0,0.1466,0.1466,0,0,0.2933,0.1466,0,0.1466,0.2933,0,0.2933,0,0.1466,0.1466,0,0.1466,0,0,0.1466,0,0,0,0,0,0,0.1466,0.1466,1.6129,0,0.4399,0,0,0,0,0,0,0,0,0,0,0,0,0,0,0,0,1.0264,NA,0,0.1466,0,0,0,0,0,0,0,0,0,0.4399,0,0,0,0,0,0.7331,0,74.3402,NA,0,0.1466,0,0,0,0,0,0,0,0,0.1466,0,0
"sfgate.com",6176,0,0.4482,0.0208,0,0.1355,0.1042,0.5004,0.0104,0,0.0313,0,0,0.688,0.0521,0,0,0.0208,0,0.0208,0.0208,0.0104,0.0625,0.0208,0.0208,0,0,0,0.0104,0.0417,0.2085,0,0.0104,0,0,0.0938,0.8861,0,0.0938,0.0521,0.9903,0,0.0208,0.0417,0,0,0.2398,NA,0.0521,0.2085,0,0.0313,0.0625,0.6463,NA,0,0.0104,0.0313,0.0521,0.0313,0.4482,0,0,0.2815,0,0.0625,0.0521,0.0104,0,0.5525,0,0,1.9076,0,0,0.0208,0,0.0417,0,0.0104,0,0.2293,0,0.0104,0.0208,0,0.0104,0.0417,0.0834,0.0104,0,0.0625,0.0625,0.1355,0,0.344,0.0625,0.417,0.3753,0,0.4482,0.3127,0.0417,0,0.0938,0.5838,0,0.0834,0,0.0313,0,0,0.6359,0.0313,0.0104,0.1355,0.0104,0.1147,0,0.0104,0.0521,0,0.0104,0,0,0.0208,0,0.0104,0.0104,0.0104,0.0104,0,0.5316,0,0.0417,0.0417,0,0.1564,0,0,0,0,0.0208,0,0,0,0.2085,0,0,0,0.1772,0.0625,0.2606,0.0417,0.1564,0,0.0938,0,0.2293,0,0.0625,0.6463,0,0.0208,0.1459,0.1147,0.1042,0.0313,0,0.1668,0,0.0208,0,0.8756,0.0521,0.073,0.0313,0.0313,0.0313,0,0,0,0.0208,0.0208,0.0104,0,0.0313,0.0313,0.1251,0,0,0.0104,0.0834,NA,0.0104,0.4482,0,0,0,0.1355,0,0,0,0,0.0208,0.0625,0.1459,0,0.0208,0,0.0417,1.1988,0.0313,78.5052,NA,0,0.1876,0,0.1042,0,0,0.0313,0,0,0.0834,0.1876,0,0.1147
"smh.com.au",2478,0,0.6286,0.0571,0,0.019,0.2286,0.2476,0,0,0.0571,0,0,45.9619,0,0,0,0.0381,0,0,0.0381,0,0.0762,0.019,0.019,0,0,0,0.0571,0,0.4571,0,0,0,0,0.0762,0.6476,0,0.0762,0.4762,2.7238,0.019,0.1333,0.0571,0,0,0.0381,NA,0,0.0762,0,0,0.0571,0.9905,NA,0,0.0381,0,0,0.0381,0.4381,0,0,0.5524,0,0,0.019,0.019,0,1.0476,0,0,5.0667,0,0,0.0571,0.0381,0.0571,0.019,0,0,0.1143,0,0,0,0,0,0,0.8,0,0,0,0,1.181,0,0.4571,0.1524,0.1714,0.2667,0,0.6095,0.8381,0.0571,0,0.0762,1.619,0.0381,0.0381,0,0.2095,0.019,0,0.7619,0,0.019,0.0381,0.019,0.1714,0,0,0.0762,0,0.019,0,0.019,0.019,0,0.0381,0.0571,0,0,0,0.1905,0,0,0,0,0.0952,0,0,0,0,0,0,0,0.0381,1.0286,0,0,0.019,0.1333,0.019,0.0952,0.0381,0.1143,0.0381,3.6,0.0571,0.1714,0,0.0381,0.1524,0,0.4952,0.0381,0,0.1143,0.3429,0.019,0.1524,0,0.0762,0.019,1.181,0.0571,0.1143,0,0.019,0.2476,0,0,0,0.1714,0,0,0,0,0.019,0.0571,0,0,0,0.0381,NA,0,0.381,0,0,0,0.1333,0,0,0.0381,0.0762,0,0.0571,0.4952,0,0.0381,0.019,0,1.7524,0.019,17.2952,NA,0,0.2095,0,0.0381,0,0,0.0952,0.019,0.019,0,1.7524,0.019,0
"spiegel.de",1216,0,5.7143,0,0,0,0,0,0,0,0,0,0,0,0,0,0,2.8571,0,0,0,0,0,0,0,0,0,0,0,0,0,0,0,0,0,0,0,0,0,0,2.8571,0,0,0,0,0,0,NA,0,0,0,2.8571,0,22.8571,NA,0,0,0,0,0,2.8571,0,0,0,0,0,0,0,0,2.8571,0,0,0,0,0,0,0,0,0,0,0,0,0,0,0,0,0,0,0,0,0,0,0,0,0,0,0,2.8571,2.8571,0,0,2.8571,0,0,0,0,0,0,0,0,0,0,0,0,0,2.8571,0,0,0,0,0,0,0,0,0,0,0,0,0,2.8571,0,0,0,0,0,0,0,0,0,0,0,0,0,0,0,0,0,0,0,0,0,0,0,0,0,0,0,0,0,0,0,0,0,0,0,0,0,0,0,0,0,0,0,20,2.8571,0,0,0,0,0,0,0,0,0,0,0,0,0,0,0,0,0,0,NA,0,0,0,0,0,0,0,0,0,0,0,0,2.8571,0,0,0,0,5.7143,0,11.4286,NA,0,0,0,0,0,0,0,0,0,0,0,0,0
"sportsillustrated.cnn.com",5691,0,0,0,0,0,0.2681,0.1609,0,0,0,0,0,0.6971,0.0536,0,0,0.2145,0,0,0,0.0536,0.3217,0,0,0,0,0,0,0,1.126,0,0,0,0,0,3.2172,0,0.8043,0,0.2145,0,0,0,0,0,0.2145,NA,0,0.1609,0,0,0.1072,1.9303,NA,0,0.0536,0.0536,0,0,0,0,0,3.1099,0,0,0.2145,0,0,1.6622,0,0,2.5201,0,0,0.1072,0,0.0536,0,0,0,0,0,0,0,0,0,0,0,0,0.1609,0,0,0.0536,0,0,0.0536,0,0,0,0.0536,1.3941,0.0536,0,0.1609,0.429,0.1609,0.0536,0,0,0,0,0.1072,0,0,0,0,0,0,0,0,0,0,0,0,0,0,0.429,0.5362,0,0,0,0.6434,0,0,0,0,0,0,0,0,0.0536,0,0,0,0,0.2681,0,0,0,0,0,0.1072,0.0536,0.1072,0,0.0536,0,0,0,0.1072,0.1072,0,0,0.1609,0.2145,0,0.3217,0,0.0536,0,0.1072,0.429,0.3753,0,0,0,0,0,0,0,0,0,0,0,0,0,0,0,0,0.1609,0,0.0536,NA,0,0,0,0,0,0,0,0,0,0,0,0,0.1072,0,0,0,0,0.1072,0,75.1743,NA,0,0,0,0.1609,0,0,0,0,0,0,0.1072,0,0
"theatlantic.com",4413,0,1.2953,0,0,0,0,0.2591,0,0,0,0,0,1.2953,0.2591,0,0,0.2591,0,0,0,0,0,0,0,0,0,0,0,0,2.3316,0,0,0,0,0,2.5907,0,0.2591,0.5181,1.5544,0,0,0,0,0,0,NA,0,0.2591,0,0.2591,0,0,NA,0,0,0,0,0,0,0,0,0.2591,0,0,0,0,0,1.0363,0,0,4.1451,0,0,0,0,0,0,0,0,0.2591,0,0.2591,0,0,0,0,0,0,0,0,0,0.2591,0,1.0363,0,0.2591,0,0.5181,0.7772,1.0363,0.2591,0,0,0,0,0,0,0.5181,0,0,0,0,0,0,0,0,0,0,0,0.2591,0,0,0,0.2591,0,0,0,0.2591,0.2591,0,0.5181,0,0,0,0,0,0,0,0,0,0,0,0,0,0.5181,0,0,0,0,0,0.5181,0.2591,0,0,0,0,0.5181,0,0.2591,0.5181,0,0,0.2591,0,0,0,0,0.2591,0,0,0,1.2953,0.5181,0,0,0,0,0,0,0,0,0,0,0,0.2591,0,0,0,0,0,1.0363,NA,0,0.2591,0,0,0,0.2591,0,0,0,0,0,0.5181,0.2591,0,0,0,0.7772,1.2953,0,66.0622,NA,0,0,0,0.2591,0,0,0.2591,0,0,0,0.5181,0,0
"theglobeandmail.com",2635,0,0.3856,0.0257,0,0.0257,0.1285,0.0514,0,0,0.0257,0,0,1.1825,0,0.0257,0,0.1028,0,0,0.1285,0.0257,0.0771,0.0514,0,0,0.0514,0,0,0,0.874,0.0257,0,0.0257,0,0.0514,40.5398,0,0.3085,0.2571,2.108,0,0.0514,0.0514,0,0,0.0771,NA,0.0771,0.1285,0,0,0.0771,0.617,NA,0,0.0257,0,0.0257,0.0257,0.4884,0,0,0.8483,0,0.0514,0.0771,0,0,1.1311,0,0,3.6504,0,0,0,0,0.1542,0,0,0,0.2057,0,0,0,0,0,0,0.2571,0,0.0257,0,0.0514,0.1028,0,0.9512,0.2057,0.1285,0.0771,0,0.617,0.5656,0.0771,0,0.0257,0.5398,0.0257,0.0257,0,0,0,0,1.1054,0,0,0.0257,0,0.1028,0,0,0.0257,0,0.0257,0,0.0257,0.0257,0,0,0.0771,0.0257,0.0257,0,0.3085,0,0,0,0.0257,0,0,0,0,0.0257,0.0257,0,0,0,0.5141,0,0,0,0.2828,0.0771,0.1799,0.0257,0.1542,0,0.3085,0,0.2057,0,0.0514,0.1285,0,0.0257,0.1799,0.0257,0.1285,0.0514,0,0.1542,0,0,0.0257,2.0308,0.3342,0.1285,0.0257,0,0.0257,0,0,0,0.0257,0,0.0514,0,0.0514,0,0.0514,0,0.0257,0,0.1285,NA,0,0.1285,0,0,0,0.1028,0,0,0,0,0,0.1028,0.2314,0,0,0.0514,0.0257,2.545,0,30.874,NA,0,0.1028,0,0.0771,0,0,0.1285,0,0,0.0514,0.3856,0,0.0257
"theguardian.com",1921,0,0.5849,0.0124,0.0124,0.0249,0.1742,0.1742,0,0,0.0747,0,0,7.9766,0.1493,0.0498,0.0124,0.2115,0,0,0.2738,0.0498,0.1618,0.0373,0.0622,0,0.0124,0,0.0249,0.0373,1.0204,0.0124,0.0124,0.0249,0.0498,0.0622,1.008,0,0.1867,0.1991,1.2693,0.0124,0.0498,0.0249,0.0124,0,0.0996,NA,0.0373,0.1991,0,0.0249,0.0498,1.3066,NA,0,0.1991,0.0124,0.0249,0.0498,0.4355,0,0,1.5679,0.0249,0.0747,0.0996,0.0124,0,2.439,0,0,37.0582,0,0.0124,0.0373,0.0747,0.0622,0.0124,0,0.0124,0.3982,0,0,0.0124,0,0,0,0.2613,0.0124,0.0373,0.0249,0.0996,0.3609,0,1.4933,0.5973,0.4107,0.5226,0.0622,0.5351,1.4684,0.2613,0.0124,0.0622,0.6595,0.0373,0.112,0,0.0747,0,0,0.3858,0,0,0.0871,0.0124,0.0871,0,0.0249,0.1493,0.0373,0.0124,0.0124,0.0249,0,0,0.112,0.0373,0.0124,0.0249,0,0.2987,0.0124,0.0124,0.0249,0.0622,0.1493,0.0124,0.0871,0,0.0124,0,0,0.0498,0,0.3235,0.0373,0,0,0.4107,0.0124,0.3484,0.1493,0.0996,0.0498,0.6595,0,0.336,0.0249,0.112,0.1742,0,0.1867,0.1742,0,0.5724,0.2987,0.0124,0.0871,0,0.0747,0.0622,1.5431,0.2613,0.0622,0.0249,0.0373,0.0747,0,0,0,0.0373,0.0373,0.0249,0,0.0498,0.0124,0.0871,0.0124,0.0373,0.0249,0.2738,NA,0,0.6471,0,0,0,0.1369,0,0,0.0124,0.0249,0.0124,0.2613,0.2115,0,0.0124,0.0373,0.0622,1.8542,0.0498,21.3041,NA,0,0.0996,0,0.2364,0,0,0.0373,0,0,0.0871,0.784,0.0249,0.0498
"thehindu.com",5303,0,0.5089,0.0254,0,0.0382,0.4962,0.0763,0.0254,0,0,0,0,0.8524,0.0509,0.0636,0,0.0763,0.0636,0.0382,0.6234,0.0254,0.1018,0.0636,0.0127,0,0.0509,0,0,0.0254,0.3562,0,0,0.0127,0,0.0509,0.3053,0,0.229,0.0636,1.2468,0.0127,0.0382,0.0636,0.0127,0,0.0382,NA,0,0.0382,0.0127,0.0254,0,0.458,NA,0,0.0127,0,0.0127,0,0.1908,0,0,0.3944,0.0254,0.0382,0.0254,0,0,0.5216,0.0127,0,1.7684,0.0127,0,0,0.0127,0.0127,0.0127,0,0,0.1145,0,0.0127,0,0,0,0,0.1654,0,0,0,0.0127,0.369,0,72.4936,0.0509,0.5216,0.369,0.0254,0.3308,0.3944,0.0382,0,0.0382,0.5344,0.0382,0.0763,0.0127,0.0127,0,0,0.3817,0.0763,0.0382,0.0382,0.0127,0.0509,0,0.0127,0.8015,0.0127,0.0127,0,0.0382,0,0,0.0382,0.0636,0.0254,0.0127,0.0127,0.0636,0.0127,0.0127,0,0.0127,0.0509,0,0.0127,0,0,0,0,0.0254,0.0254,0.4326,0,0,0.0127,0.0891,0.0127,0.0763,0.0127,0.4071,0,0.2417,0.0127,2.341,0,0.0254,0.1781,0,0.0382,0.0127,0.0127,0.0254,0.0636,0,0.0127,0,0.0127,0,0.6743,0.0254,0.1527,0,0,0.4835,0,0,0,0.0254,0,0,0,0.0509,0.0127,0.0382,0,0.0127,0.0254,0.0254,NA,0,0.1908,0,0.0254,0,0.2545,0.0891,0.0127,0,0,0,0.1654,0.0891,0,0.1018,0.0127,0,0.7634,0.0127,5.5471,NA,0.0127,0.0254,0,0.0382,0,0,0.0509,0,0,0.1272,0.1908,0.0127,0.0382
"theweek.com",4812,0,0.3257,0,0,0,0,0.3257,0,0,0,0,0,0.9772,0,0,0,0.3257,0,0,0,0,0,0,0,0,0,0,0,0,0.6515,0,0,0,0,0,2.9316,0,0,0.3257,2.2801,0,0,0,0,0,0.3257,NA,0.3257,0,0,0,0,0.6515,NA,0,0,0,0,0,0.3257,0,0.3257,0.3257,0,0,0,0,0,1.6287,0,0,2.6059,0,0,0,0,0,0,0,0,0,0,0,0,0,0,0,0,0,0,0,0,0,0,0.9772,0,0.6515,1.3029,0,0.6515,1.3029,0,0,0,1.6287,0,0,0,0,0,0,0.3257,0,0,0,0,0,0,0,0,0,0,0,0,0,0,0,0,0,0,0,0,0,0,0,0,0,0,0,0,0,0,0,0,0,0.3257,0,0,0,0,0,0,0.3257,0,0,0.6515,0,0,0,0.3257,0.3257,0,0,0.3257,0,0,0,0,0.3257,0,0,0,1.9544,0.3257,0.3257,0,0,0,0,0,0,0,0,0,0,0,0,0,0,0,0,0,NA,0,0.3257,0,0,0,0,0,0,0,0,0,0.6515,0,0,0,0,0,1.6287,0,69.0554,NA,0,0,0,0.6515,0,0,0.6515,0,0,0,0,0,0.3257
"time.com",2866,0,1.5054,0.043,0,0,0.2151,0.086,0.086,0,0.086,0,0,2.3656,0.043,0,0,0.172,0.043,0,0.129,0.043,0.043,0.043,0,0,0.043,0.043,0,0,1.2043,0,0,0,0,0.3441,1.1183,0,0.129,0.4731,2.4516,0.043,0,0.172,0,0,0.172,NA,0,0.2581,0,0.043,0.043,0.8172,NA,0,0.129,0,0.086,0.043,0.6452,0,0,0.2581,0.086,0.086,0.086,0.043,0,1.3763,0,0,2.6237,0,0,0.086,0.043,0.3871,0,0,0,0.086,0,0,0,0,0,0.043,0.129,0,0,0.043,0,0.2581,0,1.6774,0.129,0.5591,0.7312,0,1.5054,0.5591,0.043,0.043,0.086,1.3763,0.043,0.2581,0,0,0,0,1.6774,0,0,0.2151,0.172,0.3441,0,0,0.043,0,0,0.043,0,0,0,0.086,0,0,0.086,0,0.4731,0,0,0,0,0.043,0,0.043,0,0,0,0,0.043,0,1.1183,0.043,0,0,0.5161,0.043,0.2581,0.086,0.3011,0,0.3441,0,0.4301,0,0,0.2581,0,0,0.3011,0.043,0.6452,0,0,0.3441,0,0,0,3.4839,0.3871,0.2581,0.043,0,0,0,0,0,0.043,0.043,0,0,0,0,0.172,0,0,0,0.2581,NA,0,1.2043,0,0,0,0.043,0,0,0,0,0.043,0.3011,0.3011,0,0,0,0.086,5.3763,0.129,52.7312,NA,0,0.2151,0,0.129,0,0,0.043,0,0,0.3441,0.5161,0,0.043
"timesofindia.indiatimes.com.economictimes.indiatimes.com.navbharattimes.indiatimes.com",5263,0,0.5368,0.046,0,0.023,0.4755,0.0383,0,0,0.0077,0,0,0.7515,0.0537,0.0077,0.0077,0.023,0.0537,0.0307,0.7899,0.023,0.046,0.0613,0.0537,0,0.0153,0,0.0153,0.0153,0.3144,0.0077,0.0153,0.023,0,0.0383,0.1917,0,0.2531,0.1227,1.2117,0.0383,0.0537,0.0383,0,0.0077,0.046,NA,0.0077,0.0613,0,0.0153,0.0153,0.3681,NA,0,0.0153,0.0077,0.0153,0.0383,0.1534,0,0,0.0997,0.0307,0.0077,0.0537,0.0153,0,0.5675,0,0,2.0322,0.0153,0,0.023,0.0307,0.023,0,0,0,0.0383,0,0.0153,0,0.0077,0,0.0077,0.1074,0.0077,0.023,0,0.0077,0.1994,0,72.0245,0.0307,0.5675,0.2147,0,0.2454,0.2071,0.046,0,0,0.5291,0,0.069,0.0077,0.0153,0,0,0.3451,0.0307,0,0.0153,0.0307,0.046,0,0.0383,0.3681,0,0.0153,0,0.0077,0.0077,0,0.0307,0.023,0,0.0077,0.0077,0.1687,0.0077,0.0077,0.0383,0,0.092,0,0.0077,0,0.0077,0,0,0.0153,0.0153,0.4448,0,0,0.0153,0.138,0.0307,0.0537,0.023,0.4064,0,0.5215,0.0307,2.3083,0.0077,0,0.1687,0,0.023,0.0844,0,0.1534,0.023,0,0.0537,0,0.046,0.0383,0.6365,0.0153,0.115,0.0077,0,0.1534,0,0,0,0.0153,0.0077,0.0153,0,0.046,0.0383,0.0613,0,0,0.0077,0.046,NA,0,0.184,0,0,0,0.138,0,0.023,0,0,0.0077,0.046,0.0997,0,0.0537,0,0,0.7362,0.0077,7.684,NA,0.0153,0.0613,0,0.0844,0,0,0.0153,0.0077,0,0.0613,0.2837,0,0.0153
"tmz.com",6061,0,0.4425,0,0,0,0,0,0,0,0,0,0,1.3274,0,0,0,0,0,0,0.2212,0.4425,0,0,0,0,0,0,0,0,0.4425,0,0,0,0,0,1.5487,0.2212,0,0,0.2212,0,0,0,0,0,0.6637,NA,0,0.6637,0,0,0,0.4425,NA,0,0,0.2212,0,0,0,0,0,0,0,0,0,0,0,1.5487,0,0,3.9823,0,0,0,0,0,0,0,0,0,0,0,0,0,0,0.2212,0,0,0,0,0,0.2212,0,0,1.3274,0.6637,0.2212,0,0.2212,0.4425,0,0.2212,0,1.1062,0,0.885,0,0,0,0,0.2212,0,0,0,0,0,0,0,0,0,0,0,0,0,0,0,0,0,0,0,0.885,0,0,0,0,0,0,0,0,0.2212,0,0,0,0,0.2212,0,0,0,0,0,0.4425,0,0,0,0.4425,0,0.2212,0,0,0.4425,0,0,0,0,0.2212,0,0,0,0,0,0,0.2212,0,0,0,0,0,0,0,0,0,0,0,0,0,0,0,0,0,0,0,NA,0,0,0,0,0,0.4425,0,0,0,0,0,0,0.2212,0,0,0,0,0,0,77.6549,NA,0,0,0,0,0,0,0,0,0,0,0.2212,0,0
"townhall.com",5859,0,1.4563,0,0,0,0,0,0,0,0,0,0,0,0,0,0,0.4854,0,0,0,0,0,0,0,0,0,0,0,0,0.4854,0,0,0,0,0,1.9417,0,0.4854,0,0,0,0,0,0,0,0,NA,0,0,0,0,0,0,NA,0,0,0,0,0,0,0,0,0,0.4854,0,0,0,0,2.9126,0,0,0.4854,0,0,0,0,0,0,0,0,0,0,0,0,0,0,0,0,0,0,0,0,0,0,0,0,0.4854,0,0,3.8835,0.9709,0,0,0,0.4854,0,0,0,0,0,0,0.4854,0,0,0,0,0.9709,0,0,0,0,0,0,0,0,0,0,0,0,0,0,0,0,0,0,0,0,0,0,0,0,0,0,0,0,0,0,0,0,0,0,0,0,0,0,0,0,0.4854,0,0,0,0,0,0,0,0.9709,0,0,0.4854,0,0,0,1.9417,0,0,0,0,0,0,0,0,0,0,0,0,0,0,0,0,0,0,0,NA,0,0.4854,0,0,0,0,0,0,0,0,0,0,0,0,0,0,0,3.3981,0,76.2136,NA,0,0,0,0,0,0,0,0,0,0,0,0,0
"tvguide.com",5023,0,0.3311,0,0,0,0,0,0,0,0,0,0,2.9801,0,0,0,0,0,0,0,0.6623,0,0.3311,0,0,0,0,0,0,0.6623,0,0,0,0,0,0.9934,0,0,0,0.3311,0,0,0,0,0,0.3311,NA,0,0.3311,0,0,0.3311,0,NA,0,0,0,0.3311,0,0,0,0,0.3311,0,0,0.3311,0,0,1.6556,0,0,3.9735,0,0,0,0,0,0,0,0,0,0,0,0,0,0,0,0,0,0.3311,0,0,0.3311,0,0.3311,0.3311,0.3311,0.3311,0,1.3245,0.9934,0,0,0,0.6623,0,0.9934,0,0,0,0,0,0,0,0,0,0.3311,0,0,0,0,0,0,0,0,0,0,0,0,0,0,0.9934,0,0,0,0,0,0,0,0,0,0,0,0.9934,0,0,0,0,0,0,0.3311,0,0,0.3311,0,0.3311,0,0,0,0,1.3245,0,0,0,0,0,0.3311,0,0,0,0,0,0,0,0,0,0,0,0,0,0,0,0,0,0,0,0,0,0,0,0,2.649,NA,0,0,0,0,0,0,0,0,0,0,0,0,0,0,0.3311,1.3245,0,0,0.3311,70.5298,NA,0,0,0,0,0,0,0,0,0,0,0,0,0
"usatoday.com",5586,0.0282,0.5919,0.0282,0,0.0564,0.0846,0.1691,0,0,0.0282,0,0.0564,1.4092,0,0,0,0.1691,0,0,0.0564,0,0.2818,0,0,0,0.0282,0.0282,0,0,0.8737,0,0,0,0,0.0282,2.6212,0,0.1973,0.31,0.761,0,0,0.0564,0,0,0.1691,NA,0,0.3664,0,0,0.1691,0.9865,NA,0,0,0.0564,0.0282,0.0564,0.2255,0,0,1.0428,0,0,0.1409,0.0282,0,0.8455,0,0,2.2266,0,0,0.0282,0,0.0846,0,0,0,0.0564,0,0,0.0282,0,0.0282,0.0282,0,0.0282,0.0564,0,0.0282,0.0282,0,0.2537,0.0846,0.1409,0.1409,0,0.4791,0.8174,0,0,0.1409,0.8737,0.0846,0,0,0,0,0.0282,0.5355,0,0,0,0,0.1127,0.0282,0,0,0,0,0,0,0,0,0.1409,0.0564,0,0.0282,0,0.4228,0,0,0,0,0.0282,0,0,0,0.0282,0,0,0,0,0.451,0,0,0,0.1127,0.0564,0.1409,0.0282,0.0846,0,0.3664,0,0.1691,0.0282,0.0564,0.2255,0,0.0564,0.2255,0.0846,0.1127,0.0846,0,0.1409,0,0,0.1691,0.9583,0.0282,0,0.0282,0.0282,0,0,0,0,0.0282,0,0,0,0,0,0.0564,0,0.0846,0,0.2818,NA,0.0282,0.1127,0,0.0282,0,0.1409,0,0,0,0,0,0.1691,0.0282,0,0,0.0282,0.0564,1.071,0,74.5772,NA,0,0.0564,0,0.1127,0.0282,0,0.0564,0,0,0.0846,0.2818,0,0.0282
"usnews.com",4262,0,1.0098,0.0918,0,0.0612,0.1836,0.2448,0,0,0.0918,0,0,1.0098,0.1224,0,0,0.153,0,0,0.0612,0.0612,0.0306,0,0.0306,0,0,0,0,0,0.612,0,0,0,0,0.2448,0.9792,0,0.2754,0.2448,1.6218,0,0.0612,0.0918,0,0,0.0918,NA,0.0612,0.3366,0,0.0306,0.0306,1.3158,NA,0,0.0306,0,0.0918,0.0306,0.7038,0,0,0.7038,0,0.0918,0.0306,0,0,1.1628,0,0,2.6622,0,0,0.0306,0,0.1224,0,0.0306,0,0.4896,0,0.0306,0,0.0306,0,0.0306,0.0918,0,0,0,0.0918,0,0,0.306,0.0918,0.6732,0.8568,0,1.1322,0.5202,0.153,0,0.0918,1.1934,0.0306,0.2142,0,0.0306,0,0,1.0098,0,0.0306,0.1836,0.0612,0.306,0,0.0306,0,0,0,0.0306,0,0.0612,0,0.0612,0,0,0,0,0.3978,0,0.0306,0.153,0,0.1836,0,0,0,0,0.0306,0,0,0,0.3672,0,0,0.0306,0.4896,0.0612,0.3366,0.1224,0.2142,0,0.1224,0,0.3672,0.0306,0.0612,0.1836,0,0,0.306,0.0918,0.1836,0.0306,0,0.3366,0,0.0612,0.1224,1.7748,0.153,0.153,0.0918,0.0306,0.0612,0,0,0,0,0,0,0,0.0918,0.0306,0.306,0,0.0306,0.0306,0.3978,NA,0,0.7344,0,0.0306,0,0,0,0,0,0,0,0.3978,0.3978,0,0.0306,0,0.1836,2.1726,0.0306,65.0245,NA,0,0.2448,0,0.0306,0,0,0,0,0,0.1224,0.4284,0,0.0306
"variety.com",3416,0,0.0895,0.1791,0,0,0.3581,0.2686,0,0,0.4476,0,0,1.3429,0.1791,0,0,0.1791,0,0,0,0.2686,0,0,0,0,0.0895,0,0,0,2.1486,0,0,0,0,0.0895,2.3277,0,0.0895,0.1791,2.4172,0,0,0.0895,0,0,0.1791,NA,0,0.2686,0,0,0.1791,1.7905,NA,0,0.1791,0,0,0,0.4476,0,0,1.2534,0.0895,0,0.1791,0,0,4.2972,0,0,6.1773,0,0,0,0,0,0,0,0,0.0895,0,0,0,0,0,0,0.7162,0,0.0895,0.0895,0.1791,0.0895,0,0.6267,0.2686,0.4476,0.0895,0.1791,1.0743,1.3429,0.0895,0,0.1791,0.5372,0,0.1791,0,0,0,0,0.3581,0.0895,0,0,0,0,0,0,0.0895,0,0,0.0895,0,0,0,0,0.0895,0,0.0895,0,1.0743,0,0,0,0,0,0,0,0,0,0,0,0.0895,0,0.1791,0,0.1791,0.0895,0,0,0.5372,0.3581,0.2686,0,0.6267,0,0.1791,0.0895,0,0.0895,0,0,0.2686,0,0,0.0895,0.0895,0.0895,0,0.0895,0.2686,1.0743,0,0.0895,0,0,0.0895,0,0,0,0,0,0,0,0.0895,0,0,0,0,0.0895,1.701,NA,0,0,0,0,0,0.0895,0,0,0,0,0,0.4476,0,0,0.2686,0,0,0.1791,0,57.6544,NA,0,0,0,0.2686,0,0,0.0895,0,0,0.0895,0.2686,0,0
"washingtonpost.com",5135,0,2.904,0,0,0,0,0.5051,0,0,0,0,0,1.3889,0,0,0,0,0.1263,0,0.3788,0,0,0,0,0,0,0,0,0,0.1263,0,0,0,0,0.3788,0.3788,0,0.1263,0,0.7576,0,0,0,0,0,0.5051,NA,0,0.5051,0,0,0,0.6313,NA,0,0,0,0,0,1.1364,0,0,0.2525,0.1263,0,0,0,0,0.3788,0,0,0.2525,0,0,0,0,0,0,0,0,0,0,0,0,0,0,0.1263,0.1263,0,0,0,0,0,0,0.5051,0,0.3788,1.3889,0,1.7677,0.7576,0,0,0,0.5051,0,0,0,0,0,0,0.6313,0.1263,0,0.1263,0,0.3788,0,0,0,0,0,0,0,0,0,0.1263,0,0,0,0,0.1263,0,0,0,0,0.1263,0,0.1263,0,0,0,0,0,0,0.6313,0,0,0,0.1263,0,0,0,0,0,0,0,0.1263,0,0,0.3788,0,0,0.2525,0,0.2525,0.1263,0,0.1263,0,0,0,2.6515,0.2525,0.1263,0.2525,0,0,0,0,0,0,0,0,0,0,0,0,0,0,0,0.1263,NA,0,0.5051,0,0,0,0,0,0,0,0,0,0.1263,0,0,0,0.1263,0,4.0404,0,71.3384,NA,0,0.1263,0,0,0,0,0,0,0,0.1263,0,0,0
"wired.com",3183,0,0,0,0,0,0.5618,0,0,0,0.5618,0,0,2.809,0,0,0,0,0,0,0,0,0,0,0,0,0,0,0,0,5.618,0,0,0,0,0,1.1236,0,2.2472,0,0.5618,0,0,0,0,0,0,NA,0,0.5618,0,0,0,2.2472,NA,0,0.5618,0,0,0,0,0,0,0,0,0,0,0,0,1.1236,0,0,8.427,0,0,0,0,0,0,0,0,0.5618,0,0,0,0,0,0.5618,0.5618,0,0,0,0,1.1236,0,1.1236,0,0,0,0,0,1.6854,0,0,0,2.2472,0,0,0,0,0,0,0,0,0,0,0,0,0,0,0,0,0,0,0,0,0,0,0,0,0,0,1.1236,0,0,0,0,0,0,0,0,0,0,0,0,0,0,0,0,0,0,0,0,0,0,0,2.809,0,0,0,0,0,0,0,0,0,0.5618,0,0,0,0,0,0,1.1236,0,0,0.5618,0,0,0,0,0,0,0,0,0,0.5618,0,0,0,0,0,1.6854,NA,0,0,0,0,0,0.5618,0,0,0,0,0,0,0,0,0,0,0,0.5618,0,55.0562,NA,0,0,0,0,0,0,0,0,0,0,0.5618,0,0.5618
"worldnetdaily.com",4781,0,0.5906,0,0,0,0.0984,0.4921,0,0,0,0,0,0.2953,0.0984,0,0,0,0.0984,0,0,0,0,0,0,0,0,0,0,0,0.3937,0,0,0,0,0,1.4764,0,0.2953,0.0984,1.2795,0,0,0,0,0,0.0984,NA,0,0.1969,0,0,0,0.4921,NA,0,0,0,0,0.0984,0.8858,0,0,0.2953,0,0,0,0,0,0.3937,0,0,2.9528,0,0,0,0,0.689,0,0,0,0,0,0,0,0,0,0,0.0984,0,0,0,0,0.1969,0,0.0984,0.2953,0.3937,0.4921,0,3.8386,0.3937,0,0,0,0.4921,0,0.2953,0,0,0,0,0.4921,0,0,0.0984,0,1.2795,0,0,0,0,0,0.0984,0,0,0,0.0984,0,0.0984,0,0,0.1969,0,0,0,0,0,0,0,0,0,0,0,0,0,0.3937,0,0,0,0.2953,0,0.2953,0.0984,0,0,0.1969,0,0.3937,0,0,0.0984,0,0,0.2953,0.0984,0.2953,0,0,0.0984,0,0.0984,0.1969,2.8543,0,0.4921,0.0984,0.0984,0.0984,0,0,0,0,0,0,0,0,0,0.1969,0,0,0,0.2953,NA,0,0.689,0,0,0,0.0984,0,0,0,0,0,0.0984,0.2953,0,0,0,0,1.9685,0,68.7992,NA,0,0.689,0,0,0,0,0.0984,0,0,0,0,0,0
